{"__type":"$$EventMessageWorkflow","id":"57c14211-3b35-4824-88bf-3b00a6098f0e","ts":"2026-01-16T05:17:12.279+00:00","eventName":"n8n.workflow.started","message":"n8n.workflow.started","payload":{"executionId":"44","workflowId":"1QfFKeKPeALCB1uuEfz7u","isManual":false,"workflowName":"My workflow"}}
{"__type":"$$EventMessageConfirm","confirm":"57c14211-3b35-4824-88bf-3b00a6098f0e","ts":"2026-01-16T05:17:12.280+00:00","source":{"id":"0","name":"eventBus"}}
{"__type":"$$EventMessageNode","id":"e4401973-5e1a-40d8-9cf6-6956b2fc54c2","ts":"2026-01-16T05:17:12.284+00:00","eventName":"n8n.node.started","message":"n8n.node.started","payload":{"workflowId":"1QfFKeKPeALCB1uuEfz7u","workflowName":"My workflow","executionId":"44","nodeType":"n8n-nodes-base.readWriteFile","nodeName":"Read/Write Files from Disk","nodeId":"80ef32fb-b259-4652-9f45-d1f26fbbf5f0"}}
{"__type":"$$EventMessageConfirm","confirm":"e4401973-5e1a-40d8-9cf6-6956b2fc54c2","ts":"2026-01-16T05:17:12.285+00:00","source":{"id":"0","name":"eventBus"}}
{"__type":"$$EventMessageNode","id":"d79f34c1-beac-450a-ad04-96cc3337921a","ts":"2026-01-16T05:17:12.306+00:00","eventName":"n8n.node.finished","message":"n8n.node.finished","payload":{"workflowId":"1QfFKeKPeALCB1uuEfz7u","workflowName":"My workflow","executionId":"44","nodeType":"n8n-nodes-base.readWriteFile","nodeName":"Read/Write Files from Disk","nodeId":"80ef32fb-b259-4652-9f45-d1f26fbbf5f0"}}
{"__type":"$$EventMessageConfirm","confirm":"d79f34c1-beac-450a-ad04-96cc3337921a","ts":"2026-01-16T05:17:12.306+00:00","source":{"id":"0","name":"eventBus"}}
{"__type":"$$EventMessageWorkflow","id":"7f4fc337-8a46-4660-be6a-24a70877faf9","ts":"2026-01-16T05:17:12.324+00:00","eventName":"n8n.workflow.success","message":"n8n.workflow.success","payload":{"userId":"592f0f2c-8979-4df5-bc32-f4084e3785ed","executionId":"44","success":true,"isManual":true,"workflowId":"1QfFKeKPeALCB1uuEfz7u","workflowName":"My workflow"}}
{"__type":"$$EventMessageConfirm","confirm":"7f4fc337-8a46-4660-be6a-24a70877faf9","ts":"2026-01-16T05:17:12.324+00:00","source":{"id":"0","name":"eventBus"}}
{"__type":"$$EventMessageWorkflow","id":"feda68b2-bb54-4465-883d-65f93cd75503","ts":"2026-01-16T05:19:01.370+00:00","eventName":"n8n.workflow.started","message":"n8n.workflow.started","payload":{"executionId":"45","workflowId":"1QfFKeKPeALCB1uuEfz7u","isManual":false,"workflowName":"My workflow"}}
{"__type":"$$EventMessageConfirm","confirm":"feda68b2-bb54-4465-883d-65f93cd75503","ts":"2026-01-16T05:19:01.371+00:00","source":{"id":"0","name":"eventBus"}}
{"__type":"$$EventMessageNode","id":"4a6b1367-6d97-4a41-8d1e-c204a1cdcc19","ts":"2026-01-16T05:19:01.372+00:00","eventName":"n8n.node.started","message":"n8n.node.started","payload":{"workflowId":"1QfFKeKPeALCB1uuEfz7u","workflowName":"My workflow","executionId":"45","nodeType":"n8n-nodes-base.extractFromFile","nodeName":"Extract from File","nodeId":"27f4ded0-938b-4777-8304-88a87902c748"}}
{"__type":"$$EventMessageConfirm","confirm":"4a6b1367-6d97-4a41-8d1e-c204a1cdcc19","ts":"2026-01-16T05:19:01.372+00:00","source":{"id":"0","name":"eventBus"}}
{"__type":"$$EventMessageNode","id":"7bf6b518-4d9a-4863-8a2f-006e1a0b3bcc","ts":"2026-01-16T05:19:01.440+00:00","eventName":"n8n.node.finished","message":"n8n.node.finished","payload":{"workflowId":"1QfFKeKPeALCB1uuEfz7u","workflowName":"My workflow","executionId":"45","nodeType":"n8n-nodes-base.extractFromFile","nodeName":"Extract from File","nodeId":"27f4ded0-938b-4777-8304-88a87902c748"}}
{"__type":"$$EventMessageConfirm","confirm":"7bf6b518-4d9a-4863-8a2f-006e1a0b3bcc","ts":"2026-01-16T05:19:01.440+00:00","source":{"id":"0","name":"eventBus"}}
{"__type":"$$EventMessageWorkflow","id":"fbdd8178-65ef-46f0-b4d8-843e532f7503","ts":"2026-01-16T05:19:01.445+00:00","eventName":"n8n.workflow.failed","message":"n8n.workflow.failed","payload":{"userId":"592f0f2c-8979-4df5-bc32-f4084e3785ed","executionId":"45","success":false,"isManual":true,"workflowId":"1QfFKeKPeALCB1uuEfz7u","workflowName":"My workflow","lastNodeExecuted":"Extract from File","errorNodeType":"n8n-nodes-base.extractFromFile","errorMessage":"The file selected in 'Input Binary Field' is not in JSON format"}}
{"__type":"$$EventMessageConfirm","confirm":"fbdd8178-65ef-46f0-b4d8-843e532f7503","ts":"2026-01-16T05:19:01.445+00:00","source":{"id":"0","name":"eventBus"}}
{"__type":"$$EventMessageWorkflow","id":"83530920-5dd5-4ef3-84c9-51ac41f631b3","ts":"2026-01-16T05:22:15.961+00:00","eventName":"n8n.workflow.started","message":"n8n.workflow.started","payload":{"executionId":"46","workflowId":"1QfFKeKPeALCB1uuEfz7u","isManual":false,"workflowName":"My workflow"}}
{"__type":"$$EventMessageConfirm","confirm":"83530920-5dd5-4ef3-84c9-51ac41f631b3","ts":"2026-01-16T05:22:15.961+00:00","source":{"id":"0","name":"eventBus"}}
{"__type":"$$EventMessageNode","id":"30c13915-c37a-42fe-8624-7a02dade2086","ts":"2026-01-16T05:22:15.963+00:00","eventName":"n8n.node.started","message":"n8n.node.started","payload":{"workflowId":"1QfFKeKPeALCB1uuEfz7u","workflowName":"My workflow","executionId":"46","nodeType":"n8n-nodes-base.code","nodeName":"Code in JavaScript","nodeId":"ea973967-2f13-4fc8-a905-bb1bfb692c47"}}
{"__type":"$$EventMessageConfirm","confirm":"30c13915-c37a-42fe-8624-7a02dade2086","ts":"2026-01-16T05:22:15.963+00:00","source":{"id":"0","name":"eventBus"}}
{"__type":"$$EventMessageRunner","id":"fe61a7d3-cba5-4a63-b327-70975d7cd4e4","ts":"2026-01-16T05:22:15.972+00:00","eventName":"n8n.runner.task.requested","message":"n8n.runner.task.requested","payload":{"taskId":"mgtgmYNd","nodeId":"ea973967-2f13-4fc8-a905-bb1bfb692c47","workflowId":"1QfFKeKPeALCB1uuEfz7u","executionId":"46"}}
{"__type":"$$EventMessageConfirm","confirm":"fe61a7d3-cba5-4a63-b327-70975d7cd4e4","ts":"2026-01-16T05:22:15.973+00:00","source":{"id":"0","name":"eventBus"}}
{"__type":"$$EventMessageNode","id":"fce8a5c7-4e2c-4329-9383-8f326fc317c9","ts":"2026-01-16T05:22:16.077+00:00","eventName":"n8n.node.finished","message":"n8n.node.finished","payload":{"workflowId":"1QfFKeKPeALCB1uuEfz7u","workflowName":"My workflow","executionId":"46","nodeType":"n8n-nodes-base.code","nodeName":"Code in JavaScript","nodeId":"ea973967-2f13-4fc8-a905-bb1bfb692c47"}}
{"__type":"$$EventMessageConfirm","confirm":"fce8a5c7-4e2c-4329-9383-8f326fc317c9","ts":"2026-01-16T05:22:16.078+00:00","source":{"id":"0","name":"eventBus"}}
{"__type":"$$EventMessageWorkflow","id":"0f7d8887-e985-4d8e-947b-152d1a3b6a2b","ts":"2026-01-16T05:22:16.083+00:00","eventName":"n8n.workflow.failed","message":"n8n.workflow.failed","payload":{"userId":"592f0f2c-8979-4df5-bc32-f4084e3785ed","executionId":"46","success":false,"isManual":true,"workflowId":"1QfFKeKPeALCB1uuEfz7u","workflowName":"My workflow","lastNodeExecuted":"Code in JavaScript","errorMessage":"$input.item.binary.data.getData is not a function [line 2]"}}
{"__type":"$$EventMessageConfirm","confirm":"0f7d8887-e985-4d8e-947b-152d1a3b6a2b","ts":"2026-01-16T05:22:16.083+00:00","source":{"id":"0","name":"eventBus"}}
{"__type":"$$EventMessageWorkflow","id":"4da19a6f-d887-423a-b302-b356060d729c","ts":"2026-01-16T05:22:17.735+00:00","eventName":"n8n.workflow.started","message":"n8n.workflow.started","payload":{"executionId":"47","workflowId":"1QfFKeKPeALCB1uuEfz7u","isManual":false,"workflowName":"My workflow"}}
{"__type":"$$EventMessageConfirm","confirm":"4da19a6f-d887-423a-b302-b356060d729c","ts":"2026-01-16T05:22:17.736+00:00","source":{"id":"0","name":"eventBus"}}
{"__type":"$$EventMessageNode","id":"953e7cf0-706b-48a6-9da6-571319d26b1c","ts":"2026-01-16T05:22:17.737+00:00","eventName":"n8n.node.started","message":"n8n.node.started","payload":{"workflowId":"1QfFKeKPeALCB1uuEfz7u","workflowName":"My workflow","executionId":"47","nodeType":"n8n-nodes-base.code","nodeName":"Code in JavaScript","nodeId":"ea973967-2f13-4fc8-a905-bb1bfb692c47"}}
{"__type":"$$EventMessageConfirm","confirm":"953e7cf0-706b-48a6-9da6-571319d26b1c","ts":"2026-01-16T05:22:17.737+00:00","source":{"id":"0","name":"eventBus"}}
{"__type":"$$EventMessageRunner","id":"0e393d3d-8ba5-4417-a056-04c2273e5166","ts":"2026-01-16T05:22:17.739+00:00","eventName":"n8n.runner.task.requested","message":"n8n.runner.task.requested","payload":{"taskId":"8tRmq-oW","nodeId":"ea973967-2f13-4fc8-a905-bb1bfb692c47","workflowId":"1QfFKeKPeALCB1uuEfz7u","executionId":"47"}}
{"__type":"$$EventMessageConfirm","confirm":"0e393d3d-8ba5-4417-a056-04c2273e5166","ts":"2026-01-16T05:22:17.739+00:00","source":{"id":"0","name":"eventBus"}}
{"__type":"$$EventMessageNode","id":"0d3df77f-2f0b-488f-b01e-3dd56867a8ba","ts":"2026-01-16T05:22:17.749+00:00","eventName":"n8n.node.finished","message":"n8n.node.finished","payload":{"workflowId":"1QfFKeKPeALCB1uuEfz7u","workflowName":"My workflow","executionId":"47","nodeType":"n8n-nodes-base.code","nodeName":"Code in JavaScript","nodeId":"ea973967-2f13-4fc8-a905-bb1bfb692c47"}}
{"__type":"$$EventMessageConfirm","confirm":"0d3df77f-2f0b-488f-b01e-3dd56867a8ba","ts":"2026-01-16T05:22:17.749+00:00","source":{"id":"0","name":"eventBus"}}
{"__type":"$$EventMessageWorkflow","id":"542cf551-21c3-41ab-80c0-1e7d9ade9e68","ts":"2026-01-16T05:22:17.752+00:00","eventName":"n8n.workflow.failed","message":"n8n.workflow.failed","payload":{"userId":"592f0f2c-8979-4df5-bc32-f4084e3785ed","executionId":"47","success":false,"isManual":true,"workflowId":"1QfFKeKPeALCB1uuEfz7u","workflowName":"My workflow","lastNodeExecuted":"Code in JavaScript","errorMessage":"$input.item.binary.data.getData is not a function [line 2]"}}
{"__type":"$$EventMessageConfirm","confirm":"542cf551-21c3-41ab-80c0-1e7d9ade9e68","ts":"2026-01-16T05:22:17.752+00:00","source":{"id":"0","name":"eventBus"}}
{"__type":"$$EventMessageWorkflow","id":"1fb6cb79-c178-46ef-be4b-72147f10d2aa","ts":"2026-01-16T05:23:30.057+00:00","eventName":"n8n.workflow.started","message":"n8n.workflow.started","payload":{"executionId":"48","workflowId":"1QfFKeKPeALCB1uuEfz7u","isManual":false,"workflowName":"My workflow"}}
{"__type":"$$EventMessageConfirm","confirm":"1fb6cb79-c178-46ef-be4b-72147f10d2aa","ts":"2026-01-16T05:23:30.057+00:00","source":{"id":"0","name":"eventBus"}}
{"__type":"$$EventMessageNode","id":"c105d323-5131-4b56-9411-83cfca5568ab","ts":"2026-01-16T05:23:30.059+00:00","eventName":"n8n.node.started","message":"n8n.node.started","payload":{"workflowId":"1QfFKeKPeALCB1uuEfz7u","workflowName":"My workflow","executionId":"48","nodeType":"n8n-nodes-base.code","nodeName":"Code in JavaScript","nodeId":"ea973967-2f13-4fc8-a905-bb1bfb692c47"}}
{"__type":"$$EventMessageConfirm","confirm":"c105d323-5131-4b56-9411-83cfca5568ab","ts":"2026-01-16T05:23:30.059+00:00","source":{"id":"0","name":"eventBus"}}
{"__type":"$$EventMessageRunner","id":"48104a37-eab3-47ae-9275-b46d689d9c30","ts":"2026-01-16T05:23:30.061+00:00","eventName":"n8n.runner.task.requested","message":"n8n.runner.task.requested","payload":{"taskId":"AGNUOw72","nodeId":"ea973967-2f13-4fc8-a905-bb1bfb692c47","workflowId":"1QfFKeKPeALCB1uuEfz7u","executionId":"48"}}
{"__type":"$$EventMessageConfirm","confirm":"48104a37-eab3-47ae-9275-b46d689d9c30","ts":"2026-01-16T05:23:30.061+00:00","source":{"id":"0","name":"eventBus"}}
{"__type":"$$EventMessageRunner","id":"5d766c25-8edc-4fc8-858b-b5c1d7d8f7f5","ts":"2026-01-16T05:23:30.074+00:00","eventName":"n8n.runner.response.received","message":"n8n.runner.response.received","payload":{"taskId":"AGNUOw72","nodeId":"ea973967-2f13-4fc8-a905-bb1bfb692c47","workflowId":"1QfFKeKPeALCB1uuEfz7u","executionId":"48"}}
{"__type":"$$EventMessageConfirm","confirm":"5d766c25-8edc-4fc8-858b-b5c1d7d8f7f5","ts":"2026-01-16T05:23:30.074+00:00","source":{"id":"0","name":"eventBus"}}
{"__type":"$$EventMessageNode","id":"ca295bb8-200d-4cd4-802d-abd9fbe92422","ts":"2026-01-16T05:23:30.075+00:00","eventName":"n8n.node.finished","message":"n8n.node.finished","payload":{"workflowId":"1QfFKeKPeALCB1uuEfz7u","workflowName":"My workflow","executionId":"48","nodeType":"n8n-nodes-base.code","nodeName":"Code in JavaScript","nodeId":"ea973967-2f13-4fc8-a905-bb1bfb692c47"}}
{"__type":"$$EventMessageConfirm","confirm":"ca295bb8-200d-4cd4-802d-abd9fbe92422","ts":"2026-01-16T05:23:30.075+00:00","source":{"id":"0","name":"eventBus"}}
{"__type":"$$EventMessageWorkflow","id":"6ad467dd-0a01-4647-bbda-939677dc1a21","ts":"2026-01-16T05:23:30.078+00:00","eventName":"n8n.workflow.success","message":"n8n.workflow.success","payload":{"userId":"592f0f2c-8979-4df5-bc32-f4084e3785ed","executionId":"48","success":true,"isManual":true,"workflowId":"1QfFKeKPeALCB1uuEfz7u","workflowName":"My workflow"}}
{"__type":"$$EventMessageConfirm","confirm":"6ad467dd-0a01-4647-bbda-939677dc1a21","ts":"2026-01-16T05:23:30.078+00:00","source":{"id":"0","name":"eventBus"}}
{"__type":"$$EventMessageWorkflow","id":"ca0dacd3-7abc-42f2-a37c-953a9bd77b69","ts":"2026-01-16T05:24:19.427+00:00","eventName":"n8n.workflow.started","message":"n8n.workflow.started","payload":{"executionId":"49","workflowId":"1QfFKeKPeALCB1uuEfz7u","isManual":false,"workflowName":"My workflow"}}
{"__type":"$$EventMessageConfirm","confirm":"ca0dacd3-7abc-42f2-a37c-953a9bd77b69","ts":"2026-01-16T05:24:19.427+00:00","source":{"id":"0","name":"eventBus"}}
{"__type":"$$EventMessageNode","id":"6a7e2080-c6fd-4b6b-aa34-107d23712187","ts":"2026-01-16T05:24:19.429+00:00","eventName":"n8n.node.started","message":"n8n.node.started","payload":{"workflowId":"1QfFKeKPeALCB1uuEfz7u","workflowName":"My workflow","executionId":"49","nodeType":"n8n-nodes-base.code","nodeName":"Code in JavaScript","nodeId":"ea973967-2f13-4fc8-a905-bb1bfb692c47"}}
{"__type":"$$EventMessageConfirm","confirm":"6a7e2080-c6fd-4b6b-aa34-107d23712187","ts":"2026-01-16T05:24:19.429+00:00","source":{"id":"0","name":"eventBus"}}
{"__type":"$$EventMessageRunner","id":"4f4a8539-cf25-4b56-bafb-84ede9e14655","ts":"2026-01-16T05:24:19.432+00:00","eventName":"n8n.runner.task.requested","message":"n8n.runner.task.requested","payload":{"taskId":"Dja-eDWk","nodeId":"ea973967-2f13-4fc8-a905-bb1bfb692c47","workflowId":"1QfFKeKPeALCB1uuEfz7u","executionId":"49"}}
{"__type":"$$EventMessageConfirm","confirm":"4f4a8539-cf25-4b56-bafb-84ede9e14655","ts":"2026-01-16T05:24:19.432+00:00","source":{"id":"0","name":"eventBus"}}
{"__type":"$$EventMessageRunner","id":"5d203340-5469-4e43-bc07-aa3e25f5f9ca","ts":"2026-01-16T05:24:19.449+00:00","eventName":"n8n.runner.response.received","message":"n8n.runner.response.received","payload":{"taskId":"Dja-eDWk","nodeId":"ea973967-2f13-4fc8-a905-bb1bfb692c47","workflowId":"1QfFKeKPeALCB1uuEfz7u","executionId":"49"}}
{"__type":"$$EventMessageConfirm","confirm":"5d203340-5469-4e43-bc07-aa3e25f5f9ca","ts":"2026-01-16T05:24:19.449+00:00","source":{"id":"0","name":"eventBus"}}
{"__type":"$$EventMessageNode","id":"2d0273f0-d15e-4e13-859d-fc5eb0a5e473","ts":"2026-01-16T05:24:19.450+00:00","eventName":"n8n.node.finished","message":"n8n.node.finished","payload":{"workflowId":"1QfFKeKPeALCB1uuEfz7u","workflowName":"My workflow","executionId":"49","nodeType":"n8n-nodes-base.code","nodeName":"Code in JavaScript","nodeId":"ea973967-2f13-4fc8-a905-bb1bfb692c47"}}
{"__type":"$$EventMessageConfirm","confirm":"2d0273f0-d15e-4e13-859d-fc5eb0a5e473","ts":"2026-01-16T05:24:19.450+00:00","source":{"id":"0","name":"eventBus"}}
{"__type":"$$EventMessageWorkflow","id":"70675d2c-de97-4221-a656-1d4884c598c5","ts":"2026-01-16T05:24:19.454+00:00","eventName":"n8n.workflow.success","message":"n8n.workflow.success","payload":{"userId":"592f0f2c-8979-4df5-bc32-f4084e3785ed","executionId":"49","success":true,"isManual":true,"workflowId":"1QfFKeKPeALCB1uuEfz7u","workflowName":"My workflow"}}
{"__type":"$$EventMessageConfirm","confirm":"70675d2c-de97-4221-a656-1d4884c598c5","ts":"2026-01-16T05:24:19.454+00:00","source":{"id":"0","name":"eventBus"}}
{"__type":"$$EventMessageWorkflow","id":"40d5cd73-12e8-4b97-8ef3-ce09e4e3e449","ts":"2026-01-16T05:24:21.104+00:00","eventName":"n8n.workflow.started","message":"n8n.workflow.started","payload":{"executionId":"50","workflowId":"1QfFKeKPeALCB1uuEfz7u","isManual":false,"workflowName":"My workflow"}}
{"__type":"$$EventMessageConfirm","confirm":"40d5cd73-12e8-4b97-8ef3-ce09e4e3e449","ts":"2026-01-16T05:24:21.104+00:00","source":{"id":"0","name":"eventBus"}}
{"__type":"$$EventMessageNode","id":"fd14385a-c89c-41ac-9d31-8c954b2893a9","ts":"2026-01-16T05:24:21.106+00:00","eventName":"n8n.node.started","message":"n8n.node.started","payload":{"workflowId":"1QfFKeKPeALCB1uuEfz7u","workflowName":"My workflow","executionId":"50","nodeType":"n8n-nodes-base.code","nodeName":"Code in JavaScript","nodeId":"ea973967-2f13-4fc8-a905-bb1bfb692c47"}}
{"__type":"$$EventMessageConfirm","confirm":"fd14385a-c89c-41ac-9d31-8c954b2893a9","ts":"2026-01-16T05:24:21.106+00:00","source":{"id":"0","name":"eventBus"}}
{"__type":"$$EventMessageRunner","id":"b0b05fdf-7561-4794-ba83-14c5a0571a3f","ts":"2026-01-16T05:24:21.108+00:00","eventName":"n8n.runner.task.requested","message":"n8n.runner.task.requested","payload":{"taskId":"sjjiQjr7","nodeId":"ea973967-2f13-4fc8-a905-bb1bfb692c47","workflowId":"1QfFKeKPeALCB1uuEfz7u","executionId":"50"}}
{"__type":"$$EventMessageConfirm","confirm":"b0b05fdf-7561-4794-ba83-14c5a0571a3f","ts":"2026-01-16T05:24:21.108+00:00","source":{"id":"0","name":"eventBus"}}
{"__type":"$$EventMessageRunner","id":"d72c1a78-e376-4066-9b53-21b32d22c0aa","ts":"2026-01-16T05:24:21.119+00:00","eventName":"n8n.runner.response.received","message":"n8n.runner.response.received","payload":{"taskId":"sjjiQjr7","nodeId":"ea973967-2f13-4fc8-a905-bb1bfb692c47","workflowId":"1QfFKeKPeALCB1uuEfz7u","executionId":"50"}}
{"__type":"$$EventMessageConfirm","confirm":"d72c1a78-e376-4066-9b53-21b32d22c0aa","ts":"2026-01-16T05:24:21.119+00:00","source":{"id":"0","name":"eventBus"}}
{"__type":"$$EventMessageNode","id":"49219ec2-b545-4b84-9d6d-02d28bbde23a","ts":"2026-01-16T05:24:21.120+00:00","eventName":"n8n.node.finished","message":"n8n.node.finished","payload":{"workflowId":"1QfFKeKPeALCB1uuEfz7u","workflowName":"My workflow","executionId":"50","nodeType":"n8n-nodes-base.code","nodeName":"Code in JavaScript","nodeId":"ea973967-2f13-4fc8-a905-bb1bfb692c47"}}
{"__type":"$$EventMessageConfirm","confirm":"49219ec2-b545-4b84-9d6d-02d28bbde23a","ts":"2026-01-16T05:24:21.120+00:00","source":{"id":"0","name":"eventBus"}}
{"__type":"$$EventMessageWorkflow","id":"ef068362-b181-4670-ab09-a9d84aeff5bb","ts":"2026-01-16T05:24:21.123+00:00","eventName":"n8n.workflow.success","message":"n8n.workflow.success","payload":{"userId":"592f0f2c-8979-4df5-bc32-f4084e3785ed","executionId":"50","success":true,"isManual":true,"workflowId":"1QfFKeKPeALCB1uuEfz7u","workflowName":"My workflow"}}
{"__type":"$$EventMessageConfirm","confirm":"ef068362-b181-4670-ab09-a9d84aeff5bb","ts":"2026-01-16T05:24:21.123+00:00","source":{"id":"0","name":"eventBus"}}
{"__type":"$$EventMessageWorkflow","id":"48117698-cf7f-4053-b1ce-90a5694eef87","ts":"2026-01-16T05:25:03.260+00:00","eventName":"n8n.workflow.started","message":"n8n.workflow.started","payload":{"executionId":"51","workflowId":"1QfFKeKPeALCB1uuEfz7u","isManual":false,"workflowName":"My workflow"}}
{"__type":"$$EventMessageConfirm","confirm":"48117698-cf7f-4053-b1ce-90a5694eef87","ts":"2026-01-16T05:25:03.260+00:00","source":{"id":"0","name":"eventBus"}}
{"__type":"$$EventMessageNode","id":"8b03b800-00b7-4bd9-b340-892fc7cd23e7","ts":"2026-01-16T05:25:03.262+00:00","eventName":"n8n.node.started","message":"n8n.node.started","payload":{"workflowId":"1QfFKeKPeALCB1uuEfz7u","workflowName":"My workflow","executionId":"51","nodeType":"n8n-nodes-base.code","nodeName":"Code in JavaScript","nodeId":"ea973967-2f13-4fc8-a905-bb1bfb692c47"}}
{"__type":"$$EventMessageConfirm","confirm":"8b03b800-00b7-4bd9-b340-892fc7cd23e7","ts":"2026-01-16T05:25:03.262+00:00","source":{"id":"0","name":"eventBus"}}
{"__type":"$$EventMessageRunner","id":"0f6e73fb-a9a2-4e2e-97df-71801a3b5392","ts":"2026-01-16T05:25:03.264+00:00","eventName":"n8n.runner.task.requested","message":"n8n.runner.task.requested","payload":{"taskId":"977LsfJt","nodeId":"ea973967-2f13-4fc8-a905-bb1bfb692c47","workflowId":"1QfFKeKPeALCB1uuEfz7u","executionId":"51"}}
{"__type":"$$EventMessageConfirm","confirm":"0f6e73fb-a9a2-4e2e-97df-71801a3b5392","ts":"2026-01-16T05:25:03.264+00:00","source":{"id":"0","name":"eventBus"}}
{"__type":"$$EventMessageRunner","id":"fcb09a50-0a99-4441-988b-068c40cbfc7b","ts":"2026-01-16T05:25:03.277+00:00","eventName":"n8n.runner.response.received","message":"n8n.runner.response.received","payload":{"taskId":"977LsfJt","nodeId":"ea973967-2f13-4fc8-a905-bb1bfb692c47","workflowId":"1QfFKeKPeALCB1uuEfz7u","executionId":"51"}}
{"__type":"$$EventMessageConfirm","confirm":"fcb09a50-0a99-4441-988b-068c40cbfc7b","ts":"2026-01-16T05:25:03.277+00:00","source":{"id":"0","name":"eventBus"}}
{"__type":"$$EventMessageNode","id":"a11559e7-1866-466e-8c33-ed57e7813c31","ts":"2026-01-16T05:25:03.278+00:00","eventName":"n8n.node.finished","message":"n8n.node.finished","payload":{"workflowId":"1QfFKeKPeALCB1uuEfz7u","workflowName":"My workflow","executionId":"51","nodeType":"n8n-nodes-base.code","nodeName":"Code in JavaScript","nodeId":"ea973967-2f13-4fc8-a905-bb1bfb692c47"}}
{"__type":"$$EventMessageConfirm","confirm":"a11559e7-1866-466e-8c33-ed57e7813c31","ts":"2026-01-16T05:25:03.278+00:00","source":{"id":"0","name":"eventBus"}}
{"__type":"$$EventMessageWorkflow","id":"d63c7fd3-0420-4402-8cec-193a7480f575","ts":"2026-01-16T05:25:03.280+00:00","eventName":"n8n.workflow.success","message":"n8n.workflow.success","payload":{"userId":"592f0f2c-8979-4df5-bc32-f4084e3785ed","executionId":"51","success":true,"isManual":true,"workflowId":"1QfFKeKPeALCB1uuEfz7u","workflowName":"My workflow"}}
{"__type":"$$EventMessageConfirm","confirm":"d63c7fd3-0420-4402-8cec-193a7480f575","ts":"2026-01-16T05:25:03.281+00:00","source":{"id":"0","name":"eventBus"}}
{"__type":"$$EventMessageWorkflow","id":"3a3e09f6-c64d-4f72-b246-2ce8524c64e8","ts":"2026-01-16T05:25:44.954+00:00","eventName":"n8n.workflow.started","message":"n8n.workflow.started","payload":{"executionId":"52","workflowId":"1QfFKeKPeALCB1uuEfz7u","isManual":false,"workflowName":"My workflow"}}
{"__type":"$$EventMessageConfirm","confirm":"3a3e09f6-c64d-4f72-b246-2ce8524c64e8","ts":"2026-01-16T05:25:44.955+00:00","source":{"id":"0","name":"eventBus"}}
{"__type":"$$EventMessageNode","id":"3b5c7a4e-55e0-4b7c-a2f9-5789f1f9f924","ts":"2026-01-16T05:25:44.956+00:00","eventName":"n8n.node.started","message":"n8n.node.started","payload":{"workflowId":"1QfFKeKPeALCB1uuEfz7u","workflowName":"My workflow","executionId":"52","nodeType":"n8n-nodes-base.httpRequest","nodeName":"HTTP Request","nodeId":"afb4bf52-4025-4bce-a1ef-46790ecf669c"}}
{"__type":"$$EventMessageConfirm","confirm":"3b5c7a4e-55e0-4b7c-a2f9-5789f1f9f924","ts":"2026-01-16T05:25:44.956+00:00","source":{"id":"0","name":"eventBus"}}
{"__type":"$$EventMessageNode","id":"42b99a8c-011c-4d40-ba46-7a5e9e163d92","ts":"2026-01-16T05:25:45.342+00:00","eventName":"n8n.node.finished","message":"n8n.node.finished","payload":{"workflowId":"1QfFKeKPeALCB1uuEfz7u","workflowName":"My workflow","executionId":"52","nodeType":"n8n-nodes-base.httpRequest","nodeName":"HTTP Request","nodeId":"afb4bf52-4025-4bce-a1ef-46790ecf669c"}}
{"__type":"$$EventMessageConfirm","confirm":"42b99a8c-011c-4d40-ba46-7a5e9e163d92","ts":"2026-01-16T05:25:45.342+00:00","source":{"id":"0","name":"eventBus"}}
{"__type":"$$EventMessageWorkflow","id":"4a65ebe1-56f8-4e4d-905c-8e70fbb85d88","ts":"2026-01-16T05:25:45.356+00:00","eventName":"n8n.workflow.failed","message":"n8n.workflow.failed","payload":{"userId":"592f0f2c-8979-4df5-bc32-f4084e3785ed","executionId":"52","success":false,"isManual":true,"workflowId":"1QfFKeKPeALCB1uuEfz7u","workflowName":"My workflow","lastNodeExecuted":"HTTP Request","errorNodeType":"n8n-nodes-base.httpRequest","errorMessage":"Bad request - please check your parameters"}}
{"__type":"$$EventMessageConfirm","confirm":"4a65ebe1-56f8-4e4d-905c-8e70fbb85d88","ts":"2026-01-16T05:25:45.356+00:00","source":{"id":"0","name":"eventBus"}}
{"__type":"$$EventMessageWorkflow","id":"2b985344-2e34-4bc4-aff5-01558ff5b4cc","ts":"2026-01-16T05:26:10.279+00:00","eventName":"n8n.workflow.started","message":"n8n.workflow.started","payload":{"executionId":"53","workflowId":"1QfFKeKPeALCB1uuEfz7u","isManual":false,"workflowName":"My workflow"}}
{"__type":"$$EventMessageConfirm","confirm":"2b985344-2e34-4bc4-aff5-01558ff5b4cc","ts":"2026-01-16T05:26:10.279+00:00","source":{"id":"0","name":"eventBus"}}
{"__type":"$$EventMessageNode","id":"7141e055-2490-4ff4-b822-30f8bcc034a3","ts":"2026-01-16T05:26:10.280+00:00","eventName":"n8n.node.started","message":"n8n.node.started","payload":{"workflowId":"1QfFKeKPeALCB1uuEfz7u","workflowName":"My workflow","executionId":"53","nodeType":"n8n-nodes-base.httpRequest","nodeName":"HTTP Request","nodeId":"afb4bf52-4025-4bce-a1ef-46790ecf669c"}}
{"__type":"$$EventMessageConfirm","confirm":"7141e055-2490-4ff4-b822-30f8bcc034a3","ts":"2026-01-16T05:26:10.280+00:00","source":{"id":"0","name":"eventBus"}}
{"__type":"$$EventMessageNode","id":"c7700e82-d9cf-4553-97a0-d0c0527f97bf","ts":"2026-01-16T05:26:22.009+00:00","eventName":"n8n.node.finished","message":"n8n.node.finished","payload":{"workflowId":"1QfFKeKPeALCB1uuEfz7u","workflowName":"My workflow","executionId":"53","nodeType":"n8n-nodes-base.httpRequest","nodeName":"HTTP Request","nodeId":"afb4bf52-4025-4bce-a1ef-46790ecf669c"}}
{"__type":"$$EventMessageConfirm","confirm":"c7700e82-d9cf-4553-97a0-d0c0527f97bf","ts":"2026-01-16T05:26:22.009+00:00","source":{"id":"0","name":"eventBus"}}
{"__type":"$$EventMessageWorkflow","id":"fb56fb60-29ca-4887-b0f3-70506a76eb1c","ts":"2026-01-16T05:26:22.012+00:00","eventName":"n8n.workflow.success","message":"n8n.workflow.success","payload":{"userId":"592f0f2c-8979-4df5-bc32-f4084e3785ed","executionId":"53","success":true,"isManual":true,"workflowId":"1QfFKeKPeALCB1uuEfz7u","workflowName":"My workflow"}}
{"__type":"$$EventMessageConfirm","confirm":"fb56fb60-29ca-4887-b0f3-70506a76eb1c","ts":"2026-01-16T05:26:22.012+00:00","source":{"id":"0","name":"eventBus"}}
{"__type":"$$EventMessageWorkflow","id":"7438bda2-e916-44fa-ab24-29393adc7709","ts":"2026-01-16T05:36:41.919+00:00","eventName":"n8n.workflow.started","message":"n8n.workflow.started","payload":{"executionId":"54","workflowId":"1QfFKeKPeALCB1uuEfz7u","isManual":false,"workflowName":"My workflow"}}
{"__type":"$$EventMessageConfirm","confirm":"7438bda2-e916-44fa-ab24-29393adc7709","ts":"2026-01-16T05:36:41.919+00:00","source":{"id":"0","name":"eventBus"}}
{"__type":"$$EventMessageNode","id":"76a24c8c-6707-4deb-8033-290df1d07319","ts":"2026-01-16T05:36:41.920+00:00","eventName":"n8n.node.started","message":"n8n.node.started","payload":{"workflowId":"1QfFKeKPeALCB1uuEfz7u","workflowName":"My workflow","executionId":"54","nodeType":"n8n-nodes-base.readWriteFile","nodeName":"Read/Write Files from Disk","nodeId":"80ef32fb-b259-4652-9f45-d1f26fbbf5f0"}}
{"__type":"$$EventMessageConfirm","confirm":"76a24c8c-6707-4deb-8033-290df1d07319","ts":"2026-01-16T05:36:41.920+00:00","source":{"id":"0","name":"eventBus"}}
{"__type":"$$EventMessageNode","id":"3839e5c1-fdf5-45c4-99af-bd5341a94a00","ts":"2026-01-16T05:36:41.931+00:00","eventName":"n8n.node.finished","message":"n8n.node.finished","payload":{"workflowId":"1QfFKeKPeALCB1uuEfz7u","workflowName":"My workflow","executionId":"54","nodeType":"n8n-nodes-base.readWriteFile","nodeName":"Read/Write Files from Disk","nodeId":"80ef32fb-b259-4652-9f45-d1f26fbbf5f0"}}
{"__type":"$$EventMessageConfirm","confirm":"3839e5c1-fdf5-45c4-99af-bd5341a94a00","ts":"2026-01-16T05:36:41.931+00:00","source":{"id":"0","name":"eventBus"}}
{"__type":"$$EventMessageNode","id":"b1deca48-0552-46e9-a62b-e1e4b4d9bf9c","ts":"2026-01-16T05:36:41.932+00:00","eventName":"n8n.node.started","message":"n8n.node.started","payload":{"workflowId":"1QfFKeKPeALCB1uuEfz7u","workflowName":"My workflow","executionId":"54","nodeType":"n8n-nodes-base.code","nodeName":"Code in JavaScript","nodeId":"ea973967-2f13-4fc8-a905-bb1bfb692c47"}}
{"__type":"$$EventMessageConfirm","confirm":"b1deca48-0552-46e9-a62b-e1e4b4d9bf9c","ts":"2026-01-16T05:36:41.932+00:00","source":{"id":"0","name":"eventBus"}}
{"__type":"$$EventMessageRunner","id":"968d5612-f1cd-41d2-ab4b-955c319e5770","ts":"2026-01-16T05:36:41.934+00:00","eventName":"n8n.runner.task.requested","message":"n8n.runner.task.requested","payload":{"taskId":"8KHWwY3n","nodeId":"ea973967-2f13-4fc8-a905-bb1bfb692c47","workflowId":"1QfFKeKPeALCB1uuEfz7u","executionId":"54"}}
{"__type":"$$EventMessageConfirm","confirm":"968d5612-f1cd-41d2-ab4b-955c319e5770","ts":"2026-01-16T05:36:41.934+00:00","source":{"id":"0","name":"eventBus"}}
{"__type":"$$EventMessageRunner","id":"f5179544-7012-4305-a3bb-aee6da1b60b5","ts":"2026-01-16T05:36:41.946+00:00","eventName":"n8n.runner.response.received","message":"n8n.runner.response.received","payload":{"taskId":"8KHWwY3n","nodeId":"ea973967-2f13-4fc8-a905-bb1bfb692c47","workflowId":"1QfFKeKPeALCB1uuEfz7u","executionId":"54"}}
{"__type":"$$EventMessageConfirm","confirm":"f5179544-7012-4305-a3bb-aee6da1b60b5","ts":"2026-01-16T05:36:41.946+00:00","source":{"id":"0","name":"eventBus"}}
{"__type":"$$EventMessageNode","id":"3f9626c2-f621-4e6c-be7a-fb0563a2dfea","ts":"2026-01-16T05:36:41.946+00:00","eventName":"n8n.node.finished","message":"n8n.node.finished","payload":{"workflowId":"1QfFKeKPeALCB1uuEfz7u","workflowName":"My workflow","executionId":"54","nodeType":"n8n-nodes-base.code","nodeName":"Code in JavaScript","nodeId":"ea973967-2f13-4fc8-a905-bb1bfb692c47"}}
{"__type":"$$EventMessageConfirm","confirm":"3f9626c2-f621-4e6c-be7a-fb0563a2dfea","ts":"2026-01-16T05:36:41.946+00:00","source":{"id":"0","name":"eventBus"}}
{"__type":"$$EventMessageWorkflow","id":"ee937b00-896d-43a1-9ec1-12fbd6895de9","ts":"2026-01-16T05:36:41.950+00:00","eventName":"n8n.workflow.success","message":"n8n.workflow.success","payload":{"userId":"592f0f2c-8979-4df5-bc32-f4084e3785ed","executionId":"54","success":true,"isManual":true,"workflowId":"1QfFKeKPeALCB1uuEfz7u","workflowName":"My workflow"}}
{"__type":"$$EventMessageConfirm","confirm":"ee937b00-896d-43a1-9ec1-12fbd6895de9","ts":"2026-01-16T05:36:41.950+00:00","source":{"id":"0","name":"eventBus"}}
{"__type":"$$EventMessageWorkflow","id":"61a3a3ab-a6a1-487e-b5c7-b1298a06500c","ts":"2026-01-16T05:36:53.062+00:00","eventName":"n8n.workflow.started","message":"n8n.workflow.started","payload":{"executionId":"55","workflowId":"1QfFKeKPeALCB1uuEfz7u","isManual":false,"workflowName":"My workflow"}}
{"__type":"$$EventMessageConfirm","confirm":"61a3a3ab-a6a1-487e-b5c7-b1298a06500c","ts":"2026-01-16T05:36:53.062+00:00","source":{"id":"0","name":"eventBus"}}
{"__type":"$$EventMessageNode","id":"9ca64505-3c30-4bbc-9540-a22ee2938a3b","ts":"2026-01-16T05:36:53.065+00:00","eventName":"n8n.node.started","message":"n8n.node.started","payload":{"workflowId":"1QfFKeKPeALCB1uuEfz7u","workflowName":"My workflow","executionId":"55","nodeType":"n8n-nodes-base.httpRequest","nodeName":"HTTP Request","nodeId":"afb4bf52-4025-4bce-a1ef-46790ecf669c"}}
{"__type":"$$EventMessageConfirm","confirm":"9ca64505-3c30-4bbc-9540-a22ee2938a3b","ts":"2026-01-16T05:36:53.066+00:00","source":{"id":"0","name":"eventBus"}}
{"__type":"$$EventMessageNode","id":"908d036b-ddc6-4480-8832-c930d9659eeb","ts":"2026-01-16T00:37:31.275-05:00","eventName":"n8n.node.finished","message":"n8n.node.finished","payload":{"workflowId":"1QfFKeKPeALCB1uuEfz7u","workflowName":"My workflow","executionId":"55","nodeType":"n8n-nodes-base.httpRequest","nodeName":"HTTP Request","nodeId":"afb4bf52-4025-4bce-a1ef-46790ecf669c"}}
{"__type":"$$EventMessageConfirm","confirm":"908d036b-ddc6-4480-8832-c930d9659eeb","ts":"2026-01-16T00:37:31.276-05:00","source":{"id":"0","name":"eventBus"}}
{"__type":"$$EventMessageWorkflow","id":"ace8b24b-9c46-46d7-bd42-7fb8c1a5e222","ts":"2026-01-16T00:37:31.279-05:00","eventName":"n8n.workflow.success","message":"n8n.workflow.success","payload":{"userId":"592f0f2c-8979-4df5-bc32-f4084e3785ed","executionId":"55","success":true,"isManual":true,"workflowId":"1QfFKeKPeALCB1uuEfz7u","workflowName":"My workflow"}}
{"__type":"$$EventMessageConfirm","confirm":"ace8b24b-9c46-46d7-bd42-7fb8c1a5e222","ts":"2026-01-16T00:37:31.279-05:00","source":{"id":"0","name":"eventBus"}}
{"__type":"$$EventMessageAudit","id":"724fc4bc-42de-46df-9f5c-0734cb3242ba","ts":"2026-01-16T00:38:14.848-05:00","eventName":"n8n.audit.workflow.updated","message":"n8n.audit.workflow.updated","payload":{"userId":"592f0f2c-8979-4df5-bc32-f4084e3785ed","_email":"lkf1234567i@gmail.com","_firstName":"Kaifeng","_lastName":"Li","globalRole":"global:owner","workflowId":"1QfFKeKPeALCB1uuEfz7u","workflowName":"My workflow"}}
{"__type":"$$EventMessageConfirm","confirm":"724fc4bc-42de-46df-9f5c-0734cb3242ba","ts":"2026-01-16T00:38:14.848-05:00","source":{"id":"0","name":"eventBus"}}
{"__type":"$$EventMessageAudit","id":"ebec7a31-1461-4850-abab-3029bf43e143","ts":"2026-01-16T05:36:01.426-05:00","eventName":"n8n.audit.workflow.updated","message":"n8n.audit.workflow.updated","payload":{"userId":"592f0f2c-8979-4df5-bc32-f4084e3785ed","_email":"lkf1234567i@gmail.com","_firstName":"Kaifeng","_lastName":"Li","globalRole":"global:owner","workflowId":"1QfFKeKPeALCB1uuEfz7u","workflowName":"My workflow"}}
{"__type":"$$EventMessageConfirm","confirm":"ebec7a31-1461-4850-abab-3029bf43e143","ts":"2026-01-16T05:36:01.426-05:00","source":{"id":"0","name":"eventBus"}}
{"__type":"$$EventMessageWorkflow","id":"e2561a66-6f83-4cd8-9f22-d97fbc35e863","ts":"2026-01-16T05:36:13.653-05:00","eventName":"n8n.workflow.started","message":"n8n.workflow.started","payload":{"executionId":"56","workflowId":"1QfFKeKPeALCB1uuEfz7u","isManual":false,"workflowName":"My workflow"}}
{"__type":"$$EventMessageConfirm","confirm":"e2561a66-6f83-4cd8-9f22-d97fbc35e863","ts":"2026-01-16T05:36:13.653-05:00","source":{"id":"0","name":"eventBus"}}
{"__type":"$$EventMessageNode","id":"95fa6e58-8f6d-4dd0-9081-642a4bb9a9df","ts":"2026-01-16T05:36:13.655-05:00","eventName":"n8n.node.started","message":"n8n.node.started","payload":{"workflowId":"1QfFKeKPeALCB1uuEfz7u","workflowName":"My workflow","executionId":"56","nodeType":"n8n-nodes-base.httpRequest","nodeName":"HTTP Request","nodeId":"afb4bf52-4025-4bce-a1ef-46790ecf669c"}}
{"__type":"$$EventMessageConfirm","confirm":"95fa6e58-8f6d-4dd0-9081-642a4bb9a9df","ts":"2026-01-16T05:36:13.655-05:00","source":{"id":"0","name":"eventBus"}}
{"__type":"$$EventMessageNode","id":"fdcd88d0-f31e-4111-aee7-b7cfbc9b41ab","ts":"2026-01-16T05:36:25.376-05:00","eventName":"n8n.node.finished","message":"n8n.node.finished","payload":{"workflowId":"1QfFKeKPeALCB1uuEfz7u","workflowName":"My workflow","executionId":"56","nodeType":"n8n-nodes-base.httpRequest","nodeName":"HTTP Request","nodeId":"afb4bf52-4025-4bce-a1ef-46790ecf669c"}}
{"__type":"$$EventMessageConfirm","confirm":"fdcd88d0-f31e-4111-aee7-b7cfbc9b41ab","ts":"2026-01-16T05:36:25.377-05:00","source":{"id":"0","name":"eventBus"}}
{"__type":"$$EventMessageWorkflow","id":"84d312ec-ec7e-45b7-962b-f292b79ba95d","ts":"2026-01-16T05:36:25.381-05:00","eventName":"n8n.workflow.success","message":"n8n.workflow.success","payload":{"userId":"592f0f2c-8979-4df5-bc32-f4084e3785ed","executionId":"56","success":true,"isManual":true,"workflowId":"1QfFKeKPeALCB1uuEfz7u","workflowName":"My workflow"}}
{"__type":"$$EventMessageConfirm","confirm":"84d312ec-ec7e-45b7-962b-f292b79ba95d","ts":"2026-01-16T05:36:25.381-05:00","source":{"id":"0","name":"eventBus"}}
{"__type":"$$EventMessageWorkflow","id":"c649d08f-9fec-4a99-a3fc-9deeaed4156d","ts":"2026-01-16T05:36:28.720-05:00","eventName":"n8n.workflow.failed","message":"n8n.workflow.failed","payload":{"userId":"592f0f2c-8979-4df5-bc32-f4084e3785ed","executionId":"57","success":false,"isManual":true,"workflowId":"1QfFKeKPeALCB1uuEfz7u","workflowName":"My workflow","errorMessage":"The workflow has issues and cannot be executed for that reason. Please fix them first."}}
{"__type":"$$EventMessageConfirm","confirm":"c649d08f-9fec-4a99-a3fc-9deeaed4156d","ts":"2026-01-16T05:36:28.720-05:00","source":{"id":"0","name":"eventBus"}}
{"__type":"$$EventMessageWorkflow","id":"ff43c8dd-f606-4064-bb64-f18564e56b99","ts":"2026-01-16T05:36:31.731-05:00","eventName":"n8n.workflow.failed","message":"n8n.workflow.failed","payload":{"userId":"592f0f2c-8979-4df5-bc32-f4084e3785ed","executionId":"58","success":false,"isManual":true,"workflowId":"1QfFKeKPeALCB1uuEfz7u","workflowName":"My workflow","errorMessage":"The workflow has issues and cannot be executed for that reason. Please fix them first."}}
{"__type":"$$EventMessageConfirm","confirm":"ff43c8dd-f606-4064-bb64-f18564e56b99","ts":"2026-01-16T05:36:31.731-05:00","source":{"id":"0","name":"eventBus"}}
{"__type":"$$EventMessageWorkflow","id":"cf2d9915-88f6-4353-b5c0-0bcfb9ed617f","ts":"2026-01-16T05:39:16.175-05:00","eventName":"n8n.workflow.started","message":"n8n.workflow.started","payload":{"executionId":"59","workflowId":"1QfFKeKPeALCB1uuEfz7u","isManual":false,"workflowName":"My workflow"}}
{"__type":"$$EventMessageConfirm","confirm":"cf2d9915-88f6-4353-b5c0-0bcfb9ed617f","ts":"2026-01-16T05:39:16.175-05:00","source":{"id":"0","name":"eventBus"}}
{"__type":"$$EventMessageNode","id":"ddfc2cc0-b800-4b39-8a8c-2cc60ea74ac1","ts":"2026-01-16T05:39:16.177-05:00","eventName":"n8n.node.started","message":"n8n.node.started","payload":{"workflowId":"1QfFKeKPeALCB1uuEfz7u","workflowName":"My workflow","executionId":"59","nodeType":"n8n-nodes-base.readWriteFile","nodeName":"Read/Write Files from Disk","nodeId":"80ef32fb-b259-4652-9f45-d1f26fbbf5f0"}}
{"__type":"$$EventMessageConfirm","confirm":"ddfc2cc0-b800-4b39-8a8c-2cc60ea74ac1","ts":"2026-01-16T05:39:16.177-05:00","source":{"id":"0","name":"eventBus"}}
{"__type":"$$EventMessageNode","id":"dc333cd0-fda1-45cb-a1d3-5145ec32c930","ts":"2026-01-16T05:39:16.184-05:00","eventName":"n8n.node.finished","message":"n8n.node.finished","payload":{"workflowId":"1QfFKeKPeALCB1uuEfz7u","workflowName":"My workflow","executionId":"59","nodeType":"n8n-nodes-base.readWriteFile","nodeName":"Read/Write Files from Disk","nodeId":"80ef32fb-b259-4652-9f45-d1f26fbbf5f0"}}
{"__type":"$$EventMessageConfirm","confirm":"dc333cd0-fda1-45cb-a1d3-5145ec32c930","ts":"2026-01-16T05:39:16.184-05:00","source":{"id":"0","name":"eventBus"}}
{"__type":"$$EventMessageNode","id":"d58258c7-a8c4-45b7-aa0f-8e38e5c69de8","ts":"2026-01-16T05:39:16.185-05:00","eventName":"n8n.node.started","message":"n8n.node.started","payload":{"workflowId":"1QfFKeKPeALCB1uuEfz7u","workflowName":"My workflow","executionId":"59","nodeType":"n8n-nodes-base.code","nodeName":"Code in JavaScript","nodeId":"ea973967-2f13-4fc8-a905-bb1bfb692c47"}}
{"__type":"$$EventMessageConfirm","confirm":"d58258c7-a8c4-45b7-aa0f-8e38e5c69de8","ts":"2026-01-16T05:39:16.185-05:00","source":{"id":"0","name":"eventBus"}}
{"__type":"$$EventMessageRunner","id":"ec369149-a67c-464b-befe-94f6a580635c","ts":"2026-01-16T05:39:16.188-05:00","eventName":"n8n.runner.task.requested","message":"n8n.runner.task.requested","payload":{"taskId":"1keIOU64","nodeId":"ea973967-2f13-4fc8-a905-bb1bfb692c47","workflowId":"1QfFKeKPeALCB1uuEfz7u","executionId":"59"}}
{"__type":"$$EventMessageConfirm","confirm":"ec369149-a67c-464b-befe-94f6a580635c","ts":"2026-01-16T05:39:16.188-05:00","source":{"id":"0","name":"eventBus"}}
{"__type":"$$EventMessageRunner","id":"b72eb55c-ff44-4b7b-b4cc-04be71ee7457","ts":"2026-01-16T05:39:16.199-05:00","eventName":"n8n.runner.response.received","message":"n8n.runner.response.received","payload":{"taskId":"1keIOU64","nodeId":"ea973967-2f13-4fc8-a905-bb1bfb692c47","workflowId":"1QfFKeKPeALCB1uuEfz7u","executionId":"59"}}
{"__type":"$$EventMessageConfirm","confirm":"b72eb55c-ff44-4b7b-b4cc-04be71ee7457","ts":"2026-01-16T05:39:16.199-05:00","source":{"id":"0","name":"eventBus"}}
{"__type":"$$EventMessageNode","id":"98169066-275e-4646-90be-21693e715b46","ts":"2026-01-16T05:39:16.200-05:00","eventName":"n8n.node.finished","message":"n8n.node.finished","payload":{"workflowId":"1QfFKeKPeALCB1uuEfz7u","workflowName":"My workflow","executionId":"59","nodeType":"n8n-nodes-base.code","nodeName":"Code in JavaScript","nodeId":"ea973967-2f13-4fc8-a905-bb1bfb692c47"}}
{"__type":"$$EventMessageConfirm","confirm":"98169066-275e-4646-90be-21693e715b46","ts":"2026-01-16T05:39:16.200-05:00","source":{"id":"0","name":"eventBus"}}
{"__type":"$$EventMessageNode","id":"48066dea-df54-47e0-9e69-4b387ae8fe5f","ts":"2026-01-16T05:39:16.201-05:00","eventName":"n8n.node.started","message":"n8n.node.started","payload":{"workflowId":"1QfFKeKPeALCB1uuEfz7u","workflowName":"My workflow","executionId":"59","nodeType":"n8n-nodes-base.httpRequest","nodeName":"HTTP Request","nodeId":"afb4bf52-4025-4bce-a1ef-46790ecf669c"}}
{"__type":"$$EventMessageConfirm","confirm":"48066dea-df54-47e0-9e69-4b387ae8fe5f","ts":"2026-01-16T05:39:16.201-05:00","source":{"id":"0","name":"eventBus"}}
{"__type":"$$EventMessageNode","id":"c9294100-ffe6-470a-ac0e-5e39a6f0868d","ts":"2026-01-16T05:39:35.857-05:00","eventName":"n8n.node.finished","message":"n8n.node.finished","payload":{"workflowId":"1QfFKeKPeALCB1uuEfz7u","workflowName":"My workflow","executionId":"59","nodeType":"n8n-nodes-base.httpRequest","nodeName":"HTTP Request","nodeId":"afb4bf52-4025-4bce-a1ef-46790ecf669c"}}
{"__type":"$$EventMessageConfirm","confirm":"c9294100-ffe6-470a-ac0e-5e39a6f0868d","ts":"2026-01-16T05:39:35.857-05:00","source":{"id":"0","name":"eventBus"}}
{"__type":"$$EventMessageNode","id":"5234c0bb-c4a7-4e8e-96ea-f93e65a11f46","ts":"2026-01-16T05:39:35.858-05:00","eventName":"n8n.node.started","message":"n8n.node.started","payload":{"workflowId":"1QfFKeKPeALCB1uuEfz7u","workflowName":"My workflow","executionId":"59","nodeType":"n8n-nodes-base.httpRequest","nodeName":"HTTP Request1","nodeId":"4db89bb5-05fe-44ed-a807-5b1054710232"}}
{"__type":"$$EventMessageConfirm","confirm":"5234c0bb-c4a7-4e8e-96ea-f93e65a11f46","ts":"2026-01-16T05:39:35.858-05:00","source":{"id":"0","name":"eventBus"}}
{"__type":"$$EventMessageNode","id":"674f184f-0f6b-4ce4-acb1-84eeb962f22e","ts":"2026-01-16T05:39:36.458-05:00","eventName":"n8n.node.finished","message":"n8n.node.finished","payload":{"workflowId":"1QfFKeKPeALCB1uuEfz7u","workflowName":"My workflow","executionId":"59","nodeType":"n8n-nodes-base.httpRequest","nodeName":"HTTP Request1","nodeId":"4db89bb5-05fe-44ed-a807-5b1054710232"}}
{"__type":"$$EventMessageConfirm","confirm":"674f184f-0f6b-4ce4-acb1-84eeb962f22e","ts":"2026-01-16T05:39:36.458-05:00","source":{"id":"0","name":"eventBus"}}
{"__type":"$$EventMessageWorkflow","id":"fc8ecfe5-aecb-4697-99d4-ab25ff0125ba","ts":"2026-01-16T05:39:36.462-05:00","eventName":"n8n.workflow.success","message":"n8n.workflow.success","payload":{"userId":"592f0f2c-8979-4df5-bc32-f4084e3785ed","executionId":"59","success":true,"isManual":true,"workflowId":"1QfFKeKPeALCB1uuEfz7u","workflowName":"My workflow"}}
{"__type":"$$EventMessageConfirm","confirm":"fc8ecfe5-aecb-4697-99d4-ab25ff0125ba","ts":"2026-01-16T05:39:36.462-05:00","source":{"id":"0","name":"eventBus"}}
{"__type":"$$EventMessageAudit","id":"89782ece-a7ee-42bd-a813-840507d5f186","ts":"2026-01-16T05:40:46.965-05:00","eventName":"n8n.audit.workflow.updated","message":"n8n.audit.workflow.updated","payload":{"userId":"592f0f2c-8979-4df5-bc32-f4084e3785ed","_email":"lkf1234567i@gmail.com","_firstName":"Kaifeng","_lastName":"Li","globalRole":"global:owner","workflowId":"1QfFKeKPeALCB1uuEfz7u","workflowName":"My workflow"}}
{"__type":"$$EventMessageConfirm","confirm":"89782ece-a7ee-42bd-a813-840507d5f186","ts":"2026-01-16T05:40:46.965-05:00","source":{"id":"0","name":"eventBus"}}
{"__type":"$$EventMessageWorkflow","id":"1331e50a-0f5d-4135-a361-ad5f8a4ec26c","ts":"2026-01-16T05:43:47.557-05:00","eventName":"n8n.workflow.started","message":"n8n.workflow.started","payload":{"executionId":"60","workflowId":"1QfFKeKPeALCB1uuEfz7u","isManual":false,"workflowName":"My workflow"}}
{"__type":"$$EventMessageConfirm","confirm":"1331e50a-0f5d-4135-a361-ad5f8a4ec26c","ts":"2026-01-16T05:43:47.558-05:00","source":{"id":"0","name":"eventBus"}}
{"__type":"$$EventMessageNode","id":"74efe498-1cde-4305-91eb-a5be311967ba","ts":"2026-01-16T05:43:47.558-05:00","eventName":"n8n.node.started","message":"n8n.node.started","payload":{"workflowId":"1QfFKeKPeALCB1uuEfz7u","workflowName":"My workflow","executionId":"60","nodeType":"n8n-nodes-base.scheduleTrigger","nodeName":"Schedule Trigger","nodeId":"8739b23d-7b05-4b0c-af6c-e48bcbaafa38"}}
{"__type":"$$EventMessageConfirm","confirm":"74efe498-1cde-4305-91eb-a5be311967ba","ts":"2026-01-16T05:43:47.559-05:00","source":{"id":"0","name":"eventBus"}}
{"__type":"$$EventMessageNode","id":"e5309efd-2283-49f6-8139-4183bb946edb","ts":"2026-01-16T05:43:47.569-05:00","eventName":"n8n.node.finished","message":"n8n.node.finished","payload":{"workflowId":"1QfFKeKPeALCB1uuEfz7u","workflowName":"My workflow","executionId":"60","nodeType":"n8n-nodes-base.scheduleTrigger","nodeName":"Schedule Trigger","nodeId":"8739b23d-7b05-4b0c-af6c-e48bcbaafa38"}}
{"__type":"$$EventMessageConfirm","confirm":"e5309efd-2283-49f6-8139-4183bb946edb","ts":"2026-01-16T05:43:47.569-05:00","source":{"id":"0","name":"eventBus"}}
{"__type":"$$EventMessageWorkflow","id":"531f04a7-dbc7-4a5e-ace3-6994acc1d017","ts":"2026-01-16T05:43:47.574-05:00","eventName":"n8n.workflow.success","message":"n8n.workflow.success","payload":{"userId":"592f0f2c-8979-4df5-bc32-f4084e3785ed","executionId":"60","success":true,"isManual":true,"workflowId":"1QfFKeKPeALCB1uuEfz7u","workflowName":"My workflow"}}
{"__type":"$$EventMessageConfirm","confirm":"531f04a7-dbc7-4a5e-ace3-6994acc1d017","ts":"2026-01-16T05:43:47.574-05:00","source":{"id":"0","name":"eventBus"}}
{"__type":"$$EventMessageWorkflow","id":"b207ad34-34c7-488a-9b54-7a6b8bc1344a","ts":"2026-01-16T05:43:58.458-05:00","eventName":"n8n.workflow.started","message":"n8n.workflow.started","payload":{"executionId":"61","workflowId":"1QfFKeKPeALCB1uuEfz7u","isManual":false,"workflowName":"My workflow"}}
{"__type":"$$EventMessageConfirm","confirm":"b207ad34-34c7-488a-9b54-7a6b8bc1344a","ts":"2026-01-16T05:43:58.458-05:00","source":{"id":"0","name":"eventBus"}}
{"__type":"$$EventMessageNode","id":"b48a81d4-0dcd-4cfc-af2d-7b277a9c742d","ts":"2026-01-16T05:43:58.459-05:00","eventName":"n8n.node.started","message":"n8n.node.started","payload":{"workflowId":"1QfFKeKPeALCB1uuEfz7u","workflowName":"My workflow","executionId":"61","nodeType":"n8n-nodes-base.scheduleTrigger","nodeName":"Schedule Trigger","nodeId":"8739b23d-7b05-4b0c-af6c-e48bcbaafa38"}}
{"__type":"$$EventMessageConfirm","confirm":"b48a81d4-0dcd-4cfc-af2d-7b277a9c742d","ts":"2026-01-16T05:43:58.459-05:00","source":{"id":"0","name":"eventBus"}}
{"__type":"$$EventMessageNode","id":"e27930bc-c04e-4dc2-ad99-d2a0938896cb","ts":"2026-01-16T05:43:58.461-05:00","eventName":"n8n.node.finished","message":"n8n.node.finished","payload":{"workflowId":"1QfFKeKPeALCB1uuEfz7u","workflowName":"My workflow","executionId":"61","nodeType":"n8n-nodes-base.scheduleTrigger","nodeName":"Schedule Trigger","nodeId":"8739b23d-7b05-4b0c-af6c-e48bcbaafa38"}}
{"__type":"$$EventMessageConfirm","confirm":"e27930bc-c04e-4dc2-ad99-d2a0938896cb","ts":"2026-01-16T05:43:58.461-05:00","source":{"id":"0","name":"eventBus"}}
{"__type":"$$EventMessageNode","id":"09d4fc46-5c5b-4c68-b644-d37164bc90b3","ts":"2026-01-16T05:43:58.462-05:00","eventName":"n8n.node.started","message":"n8n.node.started","payload":{"workflowId":"1QfFKeKPeALCB1uuEfz7u","workflowName":"My workflow","executionId":"61","nodeType":"n8n-nodes-base.code","nodeName":"Code in JavaScript","nodeId":"ea973967-2f13-4fc8-a905-bb1bfb692c47"}}
{"__type":"$$EventMessageConfirm","confirm":"09d4fc46-5c5b-4c68-b644-d37164bc90b3","ts":"2026-01-16T05:43:58.462-05:00","source":{"id":"0","name":"eventBus"}}
{"__type":"$$EventMessageRunner","id":"b4e6ce30-5e9f-47f0-a7d0-e67f20b15d1a","ts":"2026-01-16T05:43:58.464-05:00","eventName":"n8n.runner.task.requested","message":"n8n.runner.task.requested","payload":{"taskId":"DjIADEva","nodeId":"ea973967-2f13-4fc8-a905-bb1bfb692c47","workflowId":"1QfFKeKPeALCB1uuEfz7u","executionId":"61"}}
{"__type":"$$EventMessageConfirm","confirm":"b4e6ce30-5e9f-47f0-a7d0-e67f20b15d1a","ts":"2026-01-16T05:43:58.464-05:00","source":{"id":"0","name":"eventBus"}}
{"__type":"$$EventMessageNode","id":"7ee39ac3-3f57-4ba2-803a-ef7446d33530","ts":"2026-01-16T05:43:58.484-05:00","eventName":"n8n.node.finished","message":"n8n.node.finished","payload":{"workflowId":"1QfFKeKPeALCB1uuEfz7u","workflowName":"My workflow","executionId":"61","nodeType":"n8n-nodes-base.code","nodeName":"Code in JavaScript","nodeId":"ea973967-2f13-4fc8-a905-bb1bfb692c47"}}
{"__type":"$$EventMessageConfirm","confirm":"7ee39ac3-3f57-4ba2-803a-ef7446d33530","ts":"2026-01-16T05:43:58.484-05:00","source":{"id":"0","name":"eventBus"}}
{"__type":"$$EventMessageWorkflow","id":"f9d6472d-8a4f-44ab-b8a7-b83b2e5a534b","ts":"2026-01-16T05:43:58.488-05:00","eventName":"n8n.workflow.failed","message":"n8n.workflow.failed","payload":{"userId":"592f0f2c-8979-4df5-bc32-f4084e3785ed","executionId":"61","success":false,"isManual":true,"workflowId":"1QfFKeKPeALCB1uuEfz7u","workflowName":"My workflow","lastNodeExecuted":"Code in JavaScript","errorMessage":"Unknown error "}}
{"__type":"$$EventMessageConfirm","confirm":"f9d6472d-8a4f-44ab-b8a7-b83b2e5a534b","ts":"2026-01-16T05:43:58.488-05:00","source":{"id":"0","name":"eventBus"}}
{"__type":"$$EventMessageWorkflow","id":"e425bbea-d67b-40e3-af20-c563ac0de65b","ts":"2026-01-16T05:44:38.745-05:00","eventName":"n8n.workflow.started","message":"n8n.workflow.started","payload":{"executionId":"62","workflowId":"1QfFKeKPeALCB1uuEfz7u","isManual":false,"workflowName":"My workflow"}}
{"__type":"$$EventMessageConfirm","confirm":"e425bbea-d67b-40e3-af20-c563ac0de65b","ts":"2026-01-16T05:44:38.745-05:00","source":{"id":"0","name":"eventBus"}}
{"__type":"$$EventMessageNode","id":"d4164a4e-47be-407e-a4ce-aec96c5936e0","ts":"2026-01-16T05:44:38.746-05:00","eventName":"n8n.node.started","message":"n8n.node.started","payload":{"workflowId":"1QfFKeKPeALCB1uuEfz7u","workflowName":"My workflow","executionId":"62","nodeType":"n8n-nodes-base.scheduleTrigger","nodeName":"Schedule Trigger","nodeId":"8739b23d-7b05-4b0c-af6c-e48bcbaafa38"}}
{"__type":"$$EventMessageConfirm","confirm":"d4164a4e-47be-407e-a4ce-aec96c5936e0","ts":"2026-01-16T05:44:38.746-05:00","source":{"id":"0","name":"eventBus"}}
{"__type":"$$EventMessageNode","id":"be2d6b3f-1e16-402a-be56-8dd2db1ac2c4","ts":"2026-01-16T05:44:38.748-05:00","eventName":"n8n.node.finished","message":"n8n.node.finished","payload":{"workflowId":"1QfFKeKPeALCB1uuEfz7u","workflowName":"My workflow","executionId":"62","nodeType":"n8n-nodes-base.scheduleTrigger","nodeName":"Schedule Trigger","nodeId":"8739b23d-7b05-4b0c-af6c-e48bcbaafa38"}}
{"__type":"$$EventMessageConfirm","confirm":"be2d6b3f-1e16-402a-be56-8dd2db1ac2c4","ts":"2026-01-16T05:44:38.748-05:00","source":{"id":"0","name":"eventBus"}}
{"__type":"$$EventMessageNode","id":"9505af1f-88e5-492d-ac66-cc4025696f4b","ts":"2026-01-16T05:44:38.748-05:00","eventName":"n8n.node.started","message":"n8n.node.started","payload":{"workflowId":"1QfFKeKPeALCB1uuEfz7u","workflowName":"My workflow","executionId":"62","nodeType":"n8n-nodes-base.readWriteFile","nodeName":"Read/Write Files from Disk","nodeId":"80ef32fb-b259-4652-9f45-d1f26fbbf5f0"}}
{"__type":"$$EventMessageConfirm","confirm":"9505af1f-88e5-492d-ac66-cc4025696f4b","ts":"2026-01-16T05:44:38.748-05:00","source":{"id":"0","name":"eventBus"}}
{"__type":"$$EventMessageNode","id":"0a71efe5-c74e-47a6-9a5e-c2e241b8589a","ts":"2026-01-16T05:44:38.754-05:00","eventName":"n8n.node.finished","message":"n8n.node.finished","payload":{"workflowId":"1QfFKeKPeALCB1uuEfz7u","workflowName":"My workflow","executionId":"62","nodeType":"n8n-nodes-base.readWriteFile","nodeName":"Read/Write Files from Disk","nodeId":"80ef32fb-b259-4652-9f45-d1f26fbbf5f0"}}
{"__type":"$$EventMessageConfirm","confirm":"0a71efe5-c74e-47a6-9a5e-c2e241b8589a","ts":"2026-01-16T05:44:38.755-05:00","source":{"id":"0","name":"eventBus"}}
{"__type":"$$EventMessageNode","id":"7bf3b0c9-7340-45ba-90e3-1d58131ce4c8","ts":"2026-01-16T05:44:38.755-05:00","eventName":"n8n.node.started","message":"n8n.node.started","payload":{"workflowId":"1QfFKeKPeALCB1uuEfz7u","workflowName":"My workflow","executionId":"62","nodeType":"n8n-nodes-base.code","nodeName":"Code in JavaScript","nodeId":"ea973967-2f13-4fc8-a905-bb1bfb692c47"}}
{"__type":"$$EventMessageConfirm","confirm":"7bf3b0c9-7340-45ba-90e3-1d58131ce4c8","ts":"2026-01-16T05:44:38.756-05:00","source":{"id":"0","name":"eventBus"}}
{"__type":"$$EventMessageRunner","id":"28c3b72d-ca80-47ac-887b-22678490a263","ts":"2026-01-16T05:44:38.757-05:00","eventName":"n8n.runner.task.requested","message":"n8n.runner.task.requested","payload":{"taskId":"652KJn5z","nodeId":"ea973967-2f13-4fc8-a905-bb1bfb692c47","workflowId":"1QfFKeKPeALCB1uuEfz7u","executionId":"62"}}
{"__type":"$$EventMessageConfirm","confirm":"28c3b72d-ca80-47ac-887b-22678490a263","ts":"2026-01-16T05:44:38.757-05:00","source":{"id":"0","name":"eventBus"}}
{"__type":"$$EventMessageRunner","id":"8d64f535-c85e-4b98-925f-b5e13264bad7","ts":"2026-01-16T05:44:38.768-05:00","eventName":"n8n.runner.response.received","message":"n8n.runner.response.received","payload":{"taskId":"652KJn5z","nodeId":"ea973967-2f13-4fc8-a905-bb1bfb692c47","workflowId":"1QfFKeKPeALCB1uuEfz7u","executionId":"62"}}
{"__type":"$$EventMessageConfirm","confirm":"8d64f535-c85e-4b98-925f-b5e13264bad7","ts":"2026-01-16T05:44:38.768-05:00","source":{"id":"0","name":"eventBus"}}
{"__type":"$$EventMessageNode","id":"ca0dab75-7c20-404f-b81d-540ed4bbe849","ts":"2026-01-16T05:44:38.769-05:00","eventName":"n8n.node.finished","message":"n8n.node.finished","payload":{"workflowId":"1QfFKeKPeALCB1uuEfz7u","workflowName":"My workflow","executionId":"62","nodeType":"n8n-nodes-base.code","nodeName":"Code in JavaScript","nodeId":"ea973967-2f13-4fc8-a905-bb1bfb692c47"}}
{"__type":"$$EventMessageConfirm","confirm":"ca0dab75-7c20-404f-b81d-540ed4bbe849","ts":"2026-01-16T05:44:38.769-05:00","source":{"id":"0","name":"eventBus"}}
{"__type":"$$EventMessageNode","id":"fbcfc2c3-adfc-48fe-8749-caa373503259","ts":"2026-01-16T05:44:38.770-05:00","eventName":"n8n.node.started","message":"n8n.node.started","payload":{"workflowId":"1QfFKeKPeALCB1uuEfz7u","workflowName":"My workflow","executionId":"62","nodeType":"n8n-nodes-base.httpRequest","nodeName":"HTTP Request","nodeId":"afb4bf52-4025-4bce-a1ef-46790ecf669c"}}
{"__type":"$$EventMessageConfirm","confirm":"fbcfc2c3-adfc-48fe-8749-caa373503259","ts":"2026-01-16T05:44:38.770-05:00","source":{"id":"0","name":"eventBus"}}
{"__type":"$$EventMessageNode","id":"058268ff-a3f8-457f-b09c-f2ab8751866d","ts":"2026-01-16T05:44:48.876-05:00","eventName":"n8n.node.finished","message":"n8n.node.finished","payload":{"workflowId":"1QfFKeKPeALCB1uuEfz7u","workflowName":"My workflow","executionId":"62","nodeType":"n8n-nodes-base.httpRequest","nodeName":"HTTP Request","nodeId":"afb4bf52-4025-4bce-a1ef-46790ecf669c"}}
{"__type":"$$EventMessageConfirm","confirm":"058268ff-a3f8-457f-b09c-f2ab8751866d","ts":"2026-01-16T05:44:48.877-05:00","source":{"id":"0","name":"eventBus"}}
{"__type":"$$EventMessageNode","id":"0c36199e-0910-4e1e-b882-61d61562f611","ts":"2026-01-16T05:44:48.877-05:00","eventName":"n8n.node.started","message":"n8n.node.started","payload":{"workflowId":"1QfFKeKPeALCB1uuEfz7u","workflowName":"My workflow","executionId":"62","nodeType":"n8n-nodes-base.httpRequest","nodeName":"HTTP Request1","nodeId":"4db89bb5-05fe-44ed-a807-5b1054710232"}}
{"__type":"$$EventMessageConfirm","confirm":"0c36199e-0910-4e1e-b882-61d61562f611","ts":"2026-01-16T05:44:48.878-05:00","source":{"id":"0","name":"eventBus"}}
{"__type":"$$EventMessageNode","id":"58f75289-86af-45b2-887d-841d903cc911","ts":"2026-01-16T05:44:49.470-05:00","eventName":"n8n.node.finished","message":"n8n.node.finished","payload":{"workflowId":"1QfFKeKPeALCB1uuEfz7u","workflowName":"My workflow","executionId":"62","nodeType":"n8n-nodes-base.httpRequest","nodeName":"HTTP Request1","nodeId":"4db89bb5-05fe-44ed-a807-5b1054710232"}}
{"__type":"$$EventMessageConfirm","confirm":"58f75289-86af-45b2-887d-841d903cc911","ts":"2026-01-16T05:44:49.470-05:00","source":{"id":"0","name":"eventBus"}}
{"__type":"$$EventMessageWorkflow","id":"00f1b110-0f4f-49a4-8f3a-4837797ecbff","ts":"2026-01-16T05:44:49.474-05:00","eventName":"n8n.workflow.success","message":"n8n.workflow.success","payload":{"userId":"592f0f2c-8979-4df5-bc32-f4084e3785ed","executionId":"62","success":true,"isManual":true,"workflowId":"1QfFKeKPeALCB1uuEfz7u","workflowName":"My workflow"}}
{"__type":"$$EventMessageConfirm","confirm":"00f1b110-0f4f-49a4-8f3a-4837797ecbff","ts":"2026-01-16T05:44:49.474-05:00","source":{"id":"0","name":"eventBus"}}
{"__type":"$$EventMessageAudit","id":"ff990053-32bd-4d95-bc70-d66fc14fbae8","ts":"2026-01-16T05:47:17.499-05:00","eventName":"n8n.audit.workflow.updated","message":"n8n.audit.workflow.updated","payload":{"userId":"592f0f2c-8979-4df5-bc32-f4084e3785ed","_email":"lkf1234567i@gmail.com","_firstName":"Kaifeng","_lastName":"Li","globalRole":"global:owner","workflowId":"1QfFKeKPeALCB1uuEfz7u","workflowName":"My workflow"}}
{"__type":"$$EventMessageConfirm","confirm":"ff990053-32bd-4d95-bc70-d66fc14fbae8","ts":"2026-01-16T05:47:17.499-05:00","source":{"id":"0","name":"eventBus"}}
{"__type":"$$EventMessageAudit","id":"1d77672d-9da1-4336-b0d4-ce4a412460cf","ts":"2026-01-16T05:48:38.651-05:00","eventName":"n8n.audit.workflow.updated","message":"n8n.audit.workflow.updated","payload":{"userId":"592f0f2c-8979-4df5-bc32-f4084e3785ed","_email":"lkf1234567i@gmail.com","_firstName":"Kaifeng","_lastName":"Li","globalRole":"global:owner","workflowId":"1QfFKeKPeALCB1uuEfz7u","workflowName":"My workflow"}}
{"__type":"$$EventMessageConfirm","confirm":"1d77672d-9da1-4336-b0d4-ce4a412460cf","ts":"2026-01-16T05:48:38.651-05:00","source":{"id":"0","name":"eventBus"}}
{"__type":"$$EventMessageAudit","id":"8b4eeaff-b8cf-448a-a02f-aad149bb96d1","ts":"2026-01-16T05:50:23.921-05:00","eventName":"n8n.audit.workflow.activated","message":"n8n.audit.workflow.activated","payload":{"userId":"592f0f2c-8979-4df5-bc32-f4084e3785ed","_email":"lkf1234567i@gmail.com","_firstName":"Kaifeng","_lastName":"Li","globalRole":"global:owner","workflowId":"1QfFKeKPeALCB1uuEfz7u","workflowName":"My workflow","activeVersionId":"46c236d1-6ad2-482c-847a-6577423825a5"}}
{"__type":"$$EventMessageConfirm","confirm":"8b4eeaff-b8cf-448a-a02f-aad149bb96d1","ts":"2026-01-16T05:50:23.921-05:00","source":{"id":"0","name":"eventBus"}}
{"__type":"$$EventMessageAudit","id":"2434a949-1694-4ad7-9ef1-0d9897e63ce9","ts":"2026-01-16T05:52:08.604-05:00","eventName":"n8n.audit.workflow.updated","message":"n8n.audit.workflow.updated","payload":{"userId":"592f0f2c-8979-4df5-bc32-f4084e3785ed","_email":"lkf1234567i@gmail.com","_firstName":"Kaifeng","_lastName":"Li","globalRole":"global:owner","workflowId":"1QfFKeKPeALCB1uuEfz7u","workflowName":"My workflow"}}
{"__type":"$$EventMessageConfirm","confirm":"2434a949-1694-4ad7-9ef1-0d9897e63ce9","ts":"2026-01-16T05:52:08.604-05:00","source":{"id":"0","name":"eventBus"}}
{"__type":"$$EventMessageWorkflow","id":"f0b0ff15-2a82-4917-872f-2555cfe663bb","ts":"2026-01-16T05:55:38.007-05:00","eventName":"n8n.workflow.started","message":"n8n.workflow.started","payload":{"executionId":"63","workflowId":"1QfFKeKPeALCB1uuEfz7u","isManual":false,"workflowName":"My workflow"}}
{"__type":"$$EventMessageConfirm","confirm":"f0b0ff15-2a82-4917-872f-2555cfe663bb","ts":"2026-01-16T05:55:38.007-05:00","source":{"id":"0","name":"eventBus"}}
{"__type":"$$EventMessageNode","id":"cac1278c-ce2b-49d4-a66a-eef0c3128e1f","ts":"2026-01-16T05:55:38.009-05:00","eventName":"n8n.node.started","message":"n8n.node.started","payload":{"workflowId":"1QfFKeKPeALCB1uuEfz7u","workflowName":"My workflow","executionId":"63","nodeType":"n8n-nodes-base.scheduleTrigger","nodeName":"Schedule Trigger","nodeId":"8739b23d-7b05-4b0c-af6c-e48bcbaafa38"}}
{"__type":"$$EventMessageConfirm","confirm":"cac1278c-ce2b-49d4-a66a-eef0c3128e1f","ts":"2026-01-16T05:55:38.009-05:00","source":{"id":"0","name":"eventBus"}}
{"__type":"$$EventMessageNode","id":"fd1d5d03-3bde-458b-aacc-d1c1005c7ca7","ts":"2026-01-16T05:55:38.015-05:00","eventName":"n8n.node.finished","message":"n8n.node.finished","payload":{"workflowId":"1QfFKeKPeALCB1uuEfz7u","workflowName":"My workflow","executionId":"63","nodeType":"n8n-nodes-base.scheduleTrigger","nodeName":"Schedule Trigger","nodeId":"8739b23d-7b05-4b0c-af6c-e48bcbaafa38"}}
{"__type":"$$EventMessageConfirm","confirm":"fd1d5d03-3bde-458b-aacc-d1c1005c7ca7","ts":"2026-01-16T05:55:38.015-05:00","source":{"id":"0","name":"eventBus"}}
{"__type":"$$EventMessageNode","id":"dcc9a178-d749-4297-880b-3e626bbc0f6c","ts":"2026-01-16T05:55:38.016-05:00","eventName":"n8n.node.started","message":"n8n.node.started","payload":{"workflowId":"1QfFKeKPeALCB1uuEfz7u","workflowName":"My workflow","executionId":"63","nodeType":"n8n-nodes-base.readWriteFile","nodeName":"Read/Write Files from Disk","nodeId":"80ef32fb-b259-4652-9f45-d1f26fbbf5f0"}}
{"__type":"$$EventMessageConfirm","confirm":"dcc9a178-d749-4297-880b-3e626bbc0f6c","ts":"2026-01-16T05:55:38.016-05:00","source":{"id":"0","name":"eventBus"}}
{"__type":"$$EventMessageNode","id":"9ee86ec5-9650-402f-92d4-73692f9da1e6","ts":"2026-01-16T05:55:38.027-05:00","eventName":"n8n.node.finished","message":"n8n.node.finished","payload":{"workflowId":"1QfFKeKPeALCB1uuEfz7u","workflowName":"My workflow","executionId":"63","nodeType":"n8n-nodes-base.readWriteFile","nodeName":"Read/Write Files from Disk","nodeId":"80ef32fb-b259-4652-9f45-d1f26fbbf5f0"}}
{"__type":"$$EventMessageConfirm","confirm":"9ee86ec5-9650-402f-92d4-73692f9da1e6","ts":"2026-01-16T05:55:38.027-05:00","source":{"id":"0","name":"eventBus"}}
{"__type":"$$EventMessageNode","id":"4cfa9621-54de-4116-9902-e53034007a4a","ts":"2026-01-16T05:55:38.028-05:00","eventName":"n8n.node.started","message":"n8n.node.started","payload":{"workflowId":"1QfFKeKPeALCB1uuEfz7u","workflowName":"My workflow","executionId":"63","nodeType":"n8n-nodes-base.code","nodeName":"Code in JavaScript","nodeId":"ea973967-2f13-4fc8-a905-bb1bfb692c47"}}
{"__type":"$$EventMessageConfirm","confirm":"4cfa9621-54de-4116-9902-e53034007a4a","ts":"2026-01-16T05:55:38.028-05:00","source":{"id":"0","name":"eventBus"}}
{"__type":"$$EventMessageRunner","id":"cc62fbc0-7800-4eb6-a5f5-0761ac9158f8","ts":"2026-01-16T05:55:38.031-05:00","eventName":"n8n.runner.task.requested","message":"n8n.runner.task.requested","payload":{"taskId":"oQdMtID0","nodeId":"ea973967-2f13-4fc8-a905-bb1bfb692c47","workflowId":"1QfFKeKPeALCB1uuEfz7u","executionId":"63"}}
{"__type":"$$EventMessageConfirm","confirm":"cc62fbc0-7800-4eb6-a5f5-0761ac9158f8","ts":"2026-01-16T05:55:38.031-05:00","source":{"id":"0","name":"eventBus"}}
{"__type":"$$EventMessageRunner","id":"4e1756cf-f8f9-4389-8fd6-31eef0f6625f","ts":"2026-01-16T05:55:38.049-05:00","eventName":"n8n.runner.response.received","message":"n8n.runner.response.received","payload":{"taskId":"oQdMtID0","nodeId":"ea973967-2f13-4fc8-a905-bb1bfb692c47","workflowId":"1QfFKeKPeALCB1uuEfz7u","executionId":"63"}}
{"__type":"$$EventMessageConfirm","confirm":"4e1756cf-f8f9-4389-8fd6-31eef0f6625f","ts":"2026-01-16T05:55:38.049-05:00","source":{"id":"0","name":"eventBus"}}
{"__type":"$$EventMessageNode","id":"26f86523-7714-4307-b379-51d296ed752a","ts":"2026-01-16T05:55:38.050-05:00","eventName":"n8n.node.finished","message":"n8n.node.finished","payload":{"workflowId":"1QfFKeKPeALCB1uuEfz7u","workflowName":"My workflow","executionId":"63","nodeType":"n8n-nodes-base.code","nodeName":"Code in JavaScript","nodeId":"ea973967-2f13-4fc8-a905-bb1bfb692c47"}}
{"__type":"$$EventMessageConfirm","confirm":"26f86523-7714-4307-b379-51d296ed752a","ts":"2026-01-16T05:55:38.050-05:00","source":{"id":"0","name":"eventBus"}}
{"__type":"$$EventMessageNode","id":"614d3ff3-a9cc-4756-a02e-4133557833e1","ts":"2026-01-16T05:55:38.052-05:00","eventName":"n8n.node.started","message":"n8n.node.started","payload":{"workflowId":"1QfFKeKPeALCB1uuEfz7u","workflowName":"My workflow","executionId":"63","nodeType":"n8n-nodes-base.httpRequest","nodeName":"HTTP Request","nodeId":"afb4bf52-4025-4bce-a1ef-46790ecf669c"}}
{"__type":"$$EventMessageConfirm","confirm":"614d3ff3-a9cc-4756-a02e-4133557833e1","ts":"2026-01-16T05:55:38.052-05:00","source":{"id":"0","name":"eventBus"}}
{"__type":"$$EventMessageNode","id":"5ab0754a-2de8-4c68-9fca-9a02e7d1a8e6","ts":"2026-01-16T05:55:52.701-05:00","eventName":"n8n.node.finished","message":"n8n.node.finished","payload":{"workflowId":"1QfFKeKPeALCB1uuEfz7u","workflowName":"My workflow","executionId":"63","nodeType":"n8n-nodes-base.httpRequest","nodeName":"HTTP Request","nodeId":"afb4bf52-4025-4bce-a1ef-46790ecf669c"}}
{"__type":"$$EventMessageConfirm","confirm":"5ab0754a-2de8-4c68-9fca-9a02e7d1a8e6","ts":"2026-01-16T05:55:52.702-05:00","source":{"id":"0","name":"eventBus"}}
{"__type":"$$EventMessageNode","id":"233fed09-355a-4411-a3eb-e8bb4d240181","ts":"2026-01-16T05:55:52.703-05:00","eventName":"n8n.node.started","message":"n8n.node.started","payload":{"workflowId":"1QfFKeKPeALCB1uuEfz7u","workflowName":"My workflow","executionId":"63","nodeType":"n8n-nodes-base.httpRequest","nodeName":"HTTP Request1","nodeId":"4db89bb5-05fe-44ed-a807-5b1054710232"}}
{"__type":"$$EventMessageConfirm","confirm":"233fed09-355a-4411-a3eb-e8bb4d240181","ts":"2026-01-16T05:55:52.703-05:00","source":{"id":"0","name":"eventBus"}}
{"__type":"$$EventMessageNode","id":"9496719a-f342-47d4-b6c4-d72eb6a59fdf","ts":"2026-01-16T05:55:53.306-05:00","eventName":"n8n.node.finished","message":"n8n.node.finished","payload":{"workflowId":"1QfFKeKPeALCB1uuEfz7u","workflowName":"My workflow","executionId":"63","nodeType":"n8n-nodes-base.httpRequest","nodeName":"HTTP Request1","nodeId":"4db89bb5-05fe-44ed-a807-5b1054710232"}}
{"__type":"$$EventMessageConfirm","confirm":"9496719a-f342-47d4-b6c4-d72eb6a59fdf","ts":"2026-01-16T05:55:53.306-05:00","source":{"id":"0","name":"eventBus"}}
{"__type":"$$EventMessageWorkflow","id":"858c7044-cd20-4fa2-a159-8538687579ca","ts":"2026-01-16T05:55:53.308-05:00","eventName":"n8n.workflow.success","message":"n8n.workflow.success","payload":{"userId":"592f0f2c-8979-4df5-bc32-f4084e3785ed","executionId":"63","success":true,"isManual":true,"workflowId":"1QfFKeKPeALCB1uuEfz7u","workflowName":"My workflow"}}
{"__type":"$$EventMessageConfirm","confirm":"858c7044-cd20-4fa2-a159-8538687579ca","ts":"2026-01-16T05:55:53.308-05:00","source":{"id":"0","name":"eventBus"}}
{"__type":"$$EventMessageAudit","id":"56dc773f-ed79-4754-8ed8-12a6efb89b50","ts":"2026-01-16T05:57:18.192-05:00","eventName":"n8n.audit.workflow.activated","message":"n8n.audit.workflow.activated","payload":{"userId":"592f0f2c-8979-4df5-bc32-f4084e3785ed","_email":"lkf1234567i@gmail.com","_firstName":"Kaifeng","_lastName":"Li","globalRole":"global:owner","workflowId":"1QfFKeKPeALCB1uuEfz7u","workflowName":"My workflow","activeVersionId":"0000635e-fdd8-44b0-b29c-bfd095b76622"}}
{"__type":"$$EventMessageConfirm","confirm":"56dc773f-ed79-4754-8ed8-12a6efb89b50","ts":"2026-01-16T05:57:18.192-05:00","source":{"id":"0","name":"eventBus"}}
{"__type":"$$EventMessageWorkflow","id":"8d361b79-6030-49d1-a933-c8399af50f5e","ts":"2026-01-16T05:59:33.228-05:00","eventName":"n8n.workflow.started","message":"n8n.workflow.started","payload":{"executionId":"64","workflowId":"1QfFKeKPeALCB1uuEfz7u","isManual":false,"workflowName":"My workflow"}}
{"__type":"$$EventMessageConfirm","confirm":"8d361b79-6030-49d1-a933-c8399af50f5e","ts":"2026-01-16T05:59:33.228-05:00","source":{"id":"0","name":"eventBus"}}
{"__type":"$$EventMessageNode","id":"0839334a-211a-497a-b107-fe7331dc4317","ts":"2026-01-16T05:59:33.229-05:00","eventName":"n8n.node.started","message":"n8n.node.started","payload":{"workflowId":"1QfFKeKPeALCB1uuEfz7u","workflowName":"My workflow","executionId":"64","nodeType":"n8n-nodes-base.scheduleTrigger","nodeName":"Schedule Trigger","nodeId":"8739b23d-7b05-4b0c-af6c-e48bcbaafa38"}}
{"__type":"$$EventMessageConfirm","confirm":"0839334a-211a-497a-b107-fe7331dc4317","ts":"2026-01-16T05:59:33.229-05:00","source":{"id":"0","name":"eventBus"}}
{"__type":"$$EventMessageNode","id":"884c3c0a-c4eb-4ad4-b571-bc1f4152ccf3","ts":"2026-01-16T05:59:33.231-05:00","eventName":"n8n.node.finished","message":"n8n.node.finished","payload":{"workflowId":"1QfFKeKPeALCB1uuEfz7u","workflowName":"My workflow","executionId":"64","nodeType":"n8n-nodes-base.scheduleTrigger","nodeName":"Schedule Trigger","nodeId":"8739b23d-7b05-4b0c-af6c-e48bcbaafa38"}}
{"__type":"$$EventMessageConfirm","confirm":"884c3c0a-c4eb-4ad4-b571-bc1f4152ccf3","ts":"2026-01-16T05:59:33.231-05:00","source":{"id":"0","name":"eventBus"}}
{"__type":"$$EventMessageWorkflow","id":"6c5b621a-3575-4422-beb9-42e4647f97df","ts":"2026-01-16T05:59:33.235-05:00","eventName":"n8n.workflow.success","message":"n8n.workflow.success","payload":{"userId":"592f0f2c-8979-4df5-bc32-f4084e3785ed","executionId":"64","success":true,"isManual":true,"workflowId":"1QfFKeKPeALCB1uuEfz7u","workflowName":"My workflow"}}
{"__type":"$$EventMessageConfirm","confirm":"6c5b621a-3575-4422-beb9-42e4647f97df","ts":"2026-01-16T05:59:33.235-05:00","source":{"id":"0","name":"eventBus"}}
{"__type":"$$EventMessageWorkflow","id":"221741a4-7f47-41de-9055-ef8f7bb79e4f","ts":"2026-01-16T05:59:48.319-05:00","eventName":"n8n.workflow.started","message":"n8n.workflow.started","payload":{"executionId":"65","workflowId":"1QfFKeKPeALCB1uuEfz7u","isManual":false,"workflowName":"My workflow"}}
{"__type":"$$EventMessageConfirm","confirm":"221741a4-7f47-41de-9055-ef8f7bb79e4f","ts":"2026-01-16T05:59:48.319-05:00","source":{"id":"0","name":"eventBus"}}
{"__type":"$$EventMessageNode","id":"99a4ba24-bb0c-4fec-812f-7682e4310302","ts":"2026-01-16T05:59:48.320-05:00","eventName":"n8n.node.started","message":"n8n.node.started","payload":{"workflowId":"1QfFKeKPeALCB1uuEfz7u","workflowName":"My workflow","executionId":"65","nodeType":"n8n-nodes-base.scheduleTrigger","nodeName":"Schedule Trigger","nodeId":"8739b23d-7b05-4b0c-af6c-e48bcbaafa38"}}
{"__type":"$$EventMessageConfirm","confirm":"99a4ba24-bb0c-4fec-812f-7682e4310302","ts":"2026-01-16T05:59:48.320-05:00","source":{"id":"0","name":"eventBus"}}
{"__type":"$$EventMessageNode","id":"e7b1a28a-3f2a-4f14-b562-26cb92450bcd","ts":"2026-01-16T05:59:48.322-05:00","eventName":"n8n.node.finished","message":"n8n.node.finished","payload":{"workflowId":"1QfFKeKPeALCB1uuEfz7u","workflowName":"My workflow","executionId":"65","nodeType":"n8n-nodes-base.scheduleTrigger","nodeName":"Schedule Trigger","nodeId":"8739b23d-7b05-4b0c-af6c-e48bcbaafa38"}}
{"__type":"$$EventMessageConfirm","confirm":"e7b1a28a-3f2a-4f14-b562-26cb92450bcd","ts":"2026-01-16T05:59:48.322-05:00","source":{"id":"0","name":"eventBus"}}
{"__type":"$$EventMessageWorkflow","id":"d88a4797-91b8-4322-a2bf-980aefa782ba","ts":"2026-01-16T05:59:48.324-05:00","eventName":"n8n.workflow.success","message":"n8n.workflow.success","payload":{"userId":"592f0f2c-8979-4df5-bc32-f4084e3785ed","executionId":"65","success":true,"isManual":true,"workflowId":"1QfFKeKPeALCB1uuEfz7u","workflowName":"My workflow"}}
{"__type":"$$EventMessageConfirm","confirm":"d88a4797-91b8-4322-a2bf-980aefa782ba","ts":"2026-01-16T05:59:48.325-05:00","source":{"id":"0","name":"eventBus"}}
{"__type":"$$EventMessageAudit","id":"dce30aed-0a82-4d2e-8316-23d482c4324c","ts":"2026-01-16T05:59:52.418-05:00","eventName":"n8n.audit.workflow.updated","message":"n8n.audit.workflow.updated","payload":{"userId":"592f0f2c-8979-4df5-bc32-f4084e3785ed","_email":"lkf1234567i@gmail.com","_firstName":"Kaifeng","_lastName":"Li","globalRole":"global:owner","workflowId":"1QfFKeKPeALCB1uuEfz7u","workflowName":"My workflow"}}
{"__type":"$$EventMessageConfirm","confirm":"dce30aed-0a82-4d2e-8316-23d482c4324c","ts":"2026-01-16T05:59:52.418-05:00","source":{"id":"0","name":"eventBus"}}
{"__type":"$$EventMessageAudit","id":"f0212fde-9727-498d-b4f6-db850bf35c6c","ts":"2026-01-16T05:59:54.404-05:00","eventName":"n8n.audit.workflow.activated","message":"n8n.audit.workflow.activated","payload":{"userId":"592f0f2c-8979-4df5-bc32-f4084e3785ed","_email":"lkf1234567i@gmail.com","_firstName":"Kaifeng","_lastName":"Li","globalRole":"global:owner","workflowId":"1QfFKeKPeALCB1uuEfz7u","workflowName":"My workflow","activeVersionId":"689683ee-1355-4e7d-938b-dd2df35dc530"}}
{"__type":"$$EventMessageConfirm","confirm":"f0212fde-9727-498d-b4f6-db850bf35c6c","ts":"2026-01-16T05:59:54.404-05:00","source":{"id":"0","name":"eventBus"}}
{"__type":"$$EventMessageWorkflow","id":"a157fdd0-f9b2-431e-9167-2b728822e27a","ts":"2026-01-16T06:12:22.693-05:00","eventName":"n8n.workflow.started","message":"n8n.workflow.started","payload":{"executionId":"66","workflowId":"1QfFKeKPeALCB1uuEfz7u","isManual":false,"workflowName":"My workflow"}}
{"__type":"$$EventMessageConfirm","confirm":"a157fdd0-f9b2-431e-9167-2b728822e27a","ts":"2026-01-16T06:12:22.693-05:00","source":{"id":"0","name":"eventBus"}}
{"__type":"$$EventMessageNode","id":"9b0587f1-126e-41cf-9c18-5327bb671065","ts":"2026-01-16T06:12:22.695-05:00","eventName":"n8n.node.started","message":"n8n.node.started","payload":{"workflowId":"1QfFKeKPeALCB1uuEfz7u","workflowName":"My workflow","executionId":"66","nodeType":"n8n-nodes-base.readWriteFile","nodeName":"Read/Write Files from Disk","nodeId":"80ef32fb-b259-4652-9f45-d1f26fbbf5f0"}}
{"__type":"$$EventMessageConfirm","confirm":"9b0587f1-126e-41cf-9c18-5327bb671065","ts":"2026-01-16T06:12:22.695-05:00","source":{"id":"0","name":"eventBus"}}
{"__type":"$$EventMessageNode","id":"f8e7c376-031a-4238-aab6-260b253cd912","ts":"2026-01-16T06:12:22.701-05:00","eventName":"n8n.node.finished","message":"n8n.node.finished","payload":{"workflowId":"1QfFKeKPeALCB1uuEfz7u","workflowName":"My workflow","executionId":"66","nodeType":"n8n-nodes-base.readWriteFile","nodeName":"Read/Write Files from Disk","nodeId":"80ef32fb-b259-4652-9f45-d1f26fbbf5f0"}}
{"__type":"$$EventMessageConfirm","confirm":"f8e7c376-031a-4238-aab6-260b253cd912","ts":"2026-01-16T06:12:22.701-05:00","source":{"id":"0","name":"eventBus"}}
{"__type":"$$EventMessageNode","id":"7b7115c1-48ee-4beb-bfe4-3bfddd9ba060","ts":"2026-01-16T06:12:22.702-05:00","eventName":"n8n.node.started","message":"n8n.node.started","payload":{"workflowId":"1QfFKeKPeALCB1uuEfz7u","workflowName":"My workflow","executionId":"66","nodeType":"n8n-nodes-base.code","nodeName":"Code in JavaScript","nodeId":"ea973967-2f13-4fc8-a905-bb1bfb692c47"}}
{"__type":"$$EventMessageConfirm","confirm":"7b7115c1-48ee-4beb-bfe4-3bfddd9ba060","ts":"2026-01-16T06:12:22.702-05:00","source":{"id":"0","name":"eventBus"}}
{"__type":"$$EventMessageRunner","id":"41fba398-fab3-4f2a-99ee-26744b11181d","ts":"2026-01-16T06:12:22.704-05:00","eventName":"n8n.runner.task.requested","message":"n8n.runner.task.requested","payload":{"taskId":"CuRj3fKv","nodeId":"ea973967-2f13-4fc8-a905-bb1bfb692c47","workflowId":"1QfFKeKPeALCB1uuEfz7u","executionId":"66"}}
{"__type":"$$EventMessageConfirm","confirm":"41fba398-fab3-4f2a-99ee-26744b11181d","ts":"2026-01-16T06:12:22.704-05:00","source":{"id":"0","name":"eventBus"}}
{"__type":"$$EventMessageRunner","id":"a6781ef4-30aa-4446-b4de-e0cfc353f983","ts":"2026-01-16T06:12:22.715-05:00","eventName":"n8n.runner.response.received","message":"n8n.runner.response.received","payload":{"taskId":"CuRj3fKv","nodeId":"ea973967-2f13-4fc8-a905-bb1bfb692c47","workflowId":"1QfFKeKPeALCB1uuEfz7u","executionId":"66"}}
{"__type":"$$EventMessageConfirm","confirm":"a6781ef4-30aa-4446-b4de-e0cfc353f983","ts":"2026-01-16T06:12:22.715-05:00","source":{"id":"0","name":"eventBus"}}
{"__type":"$$EventMessageNode","id":"5e2f7dbe-5a2b-4d00-8447-0a24149f4eb3","ts":"2026-01-16T06:12:22.716-05:00","eventName":"n8n.node.finished","message":"n8n.node.finished","payload":{"workflowId":"1QfFKeKPeALCB1uuEfz7u","workflowName":"My workflow","executionId":"66","nodeType":"n8n-nodes-base.code","nodeName":"Code in JavaScript","nodeId":"ea973967-2f13-4fc8-a905-bb1bfb692c47"}}
{"__type":"$$EventMessageConfirm","confirm":"5e2f7dbe-5a2b-4d00-8447-0a24149f4eb3","ts":"2026-01-16T06:12:22.716-05:00","source":{"id":"0","name":"eventBus"}}
{"__type":"$$EventMessageNode","id":"7f8c1a24-3623-452c-83c5-433f7153e76a","ts":"2026-01-16T06:12:22.717-05:00","eventName":"n8n.node.started","message":"n8n.node.started","payload":{"workflowId":"1QfFKeKPeALCB1uuEfz7u","workflowName":"My workflow","executionId":"66","nodeType":"n8n-nodes-base.httpRequest","nodeName":"HTTP Request","nodeId":"afb4bf52-4025-4bce-a1ef-46790ecf669c"}}
{"__type":"$$EventMessageConfirm","confirm":"7f8c1a24-3623-452c-83c5-433f7153e76a","ts":"2026-01-16T06:12:22.717-05:00","source":{"id":"0","name":"eventBus"}}
{"__type":"$$EventMessageNode","id":"8c80331e-9970-4a1a-879f-6eb4a0023c8c","ts":"2026-01-16T06:12:30.388-05:00","eventName":"n8n.node.finished","message":"n8n.node.finished","payload":{"workflowId":"1QfFKeKPeALCB1uuEfz7u","workflowName":"My workflow","executionId":"66","nodeType":"n8n-nodes-base.httpRequest","nodeName":"HTTP Request","nodeId":"afb4bf52-4025-4bce-a1ef-46790ecf669c"}}
{"__type":"$$EventMessageConfirm","confirm":"8c80331e-9970-4a1a-879f-6eb4a0023c8c","ts":"2026-01-16T06:12:30.388-05:00","source":{"id":"0","name":"eventBus"}}
{"__type":"$$EventMessageNode","id":"adcb1f66-2d6c-4cfa-99f1-d92db69863da","ts":"2026-01-16T06:12:30.389-05:00","eventName":"n8n.node.started","message":"n8n.node.started","payload":{"workflowId":"1QfFKeKPeALCB1uuEfz7u","workflowName":"My workflow","executionId":"66","nodeType":"n8n-nodes-base.httpRequest","nodeName":"HTTP Request1","nodeId":"4db89bb5-05fe-44ed-a807-5b1054710232"}}
{"__type":"$$EventMessageConfirm","confirm":"adcb1f66-2d6c-4cfa-99f1-d92db69863da","ts":"2026-01-16T06:12:30.389-05:00","source":{"id":"0","name":"eventBus"}}
{"__type":"$$EventMessageNode","id":"291f1655-b530-4649-8a3d-3bda5d717367","ts":"2026-01-16T06:12:31.044-05:00","eventName":"n8n.node.finished","message":"n8n.node.finished","payload":{"workflowId":"1QfFKeKPeALCB1uuEfz7u","workflowName":"My workflow","executionId":"66","nodeType":"n8n-nodes-base.httpRequest","nodeName":"HTTP Request1","nodeId":"4db89bb5-05fe-44ed-a807-5b1054710232"}}
{"__type":"$$EventMessageConfirm","confirm":"291f1655-b530-4649-8a3d-3bda5d717367","ts":"2026-01-16T06:12:31.044-05:00","source":{"id":"0","name":"eventBus"}}
{"__type":"$$EventMessageWorkflow","id":"7e549264-1a9a-4d89-a9e5-d6ea8a84b849","ts":"2026-01-16T06:12:31.046-05:00","eventName":"n8n.workflow.success","message":"n8n.workflow.success","payload":{"userId":"592f0f2c-8979-4df5-bc32-f4084e3785ed","executionId":"66","success":true,"isManual":true,"workflowId":"1QfFKeKPeALCB1uuEfz7u","workflowName":"My workflow"}}
{"__type":"$$EventMessageConfirm","confirm":"7e549264-1a9a-4d89-a9e5-d6ea8a84b849","ts":"2026-01-16T06:12:31.047-05:00","source":{"id":"0","name":"eventBus"}}
{"__type":"$$EventMessageWorkflow","id":"02024f74-32d7-4167-95a2-b3fd4dcb8b98","ts":"2026-01-16T06:15:10.340-05:00","eventName":"n8n.workflow.started","message":"n8n.workflow.started","payload":{"executionId":"67","workflowId":"1QfFKeKPeALCB1uuEfz7u","isManual":false,"workflowName":"My workflow"}}
{"__type":"$$EventMessageConfirm","confirm":"02024f74-32d7-4167-95a2-b3fd4dcb8b98","ts":"2026-01-16T06:15:10.340-05:00","source":{"id":"0","name":"eventBus"}}
{"__type":"$$EventMessageNode","id":"4b7d225f-ab5d-4a62-9a2d-475fcea8863e","ts":"2026-01-16T06:15:10.343-05:00","eventName":"n8n.node.started","message":"n8n.node.started","payload":{"workflowId":"1QfFKeKPeALCB1uuEfz7u","workflowName":"My workflow","executionId":"67","nodeType":"n8n-nodes-base.httpRequest","nodeName":"HTTP Request1","nodeId":"4db89bb5-05fe-44ed-a807-5b1054710232"}}
{"__type":"$$EventMessageConfirm","confirm":"4b7d225f-ab5d-4a62-9a2d-475fcea8863e","ts":"2026-01-16T06:15:10.343-05:00","source":{"id":"0","name":"eventBus"}}
{"__type":"$$EventMessageNode","id":"c6c5caab-ee24-4caf-a223-28dd9dd8bb07","ts":"2026-01-16T06:15:10.849-05:00","eventName":"n8n.node.finished","message":"n8n.node.finished","payload":{"workflowId":"1QfFKeKPeALCB1uuEfz7u","workflowName":"My workflow","executionId":"67","nodeType":"n8n-nodes-base.httpRequest","nodeName":"HTTP Request1","nodeId":"4db89bb5-05fe-44ed-a807-5b1054710232"}}
{"__type":"$$EventMessageConfirm","confirm":"c6c5caab-ee24-4caf-a223-28dd9dd8bb07","ts":"2026-01-16T06:15:10.849-05:00","source":{"id":"0","name":"eventBus"}}
{"__type":"$$EventMessageWorkflow","id":"68265ab9-0d58-4c92-8ea4-fe7e70b1e51a","ts":"2026-01-16T06:15:10.853-05:00","eventName":"n8n.workflow.success","message":"n8n.workflow.success","payload":{"userId":"592f0f2c-8979-4df5-bc32-f4084e3785ed","executionId":"67","success":true,"isManual":true,"workflowId":"1QfFKeKPeALCB1uuEfz7u","workflowName":"My workflow"}}
{"__type":"$$EventMessageConfirm","confirm":"68265ab9-0d58-4c92-8ea4-fe7e70b1e51a","ts":"2026-01-16T06:15:10.853-05:00","source":{"id":"0","name":"eventBus"}}
{"__type":"$$EventMessageWorkflow","id":"4a726b6f-30cf-4805-9e44-d445dfe6caa3","ts":"2026-01-16T06:30:45.747-05:00","eventName":"n8n.workflow.started","message":"n8n.workflow.started","payload":{"executionId":"68","workflowId":"1QfFKeKPeALCB1uuEfz7u","isManual":false,"workflowName":"My workflow"}}
{"__type":"$$EventMessageConfirm","confirm":"4a726b6f-30cf-4805-9e44-d445dfe6caa3","ts":"2026-01-16T06:30:45.748-05:00","source":{"id":"0","name":"eventBus"}}
{"__type":"$$EventMessageNode","id":"e5a3d2b0-d7e2-4af1-bcda-94550c7c33d5","ts":"2026-01-16T06:30:45.750-05:00","eventName":"n8n.node.started","message":"n8n.node.started","payload":{"workflowId":"1QfFKeKPeALCB1uuEfz7u","workflowName":"My workflow","executionId":"68","nodeType":"n8n-nodes-base.httpRequest","nodeName":"HTTP Request1","nodeId":"4db89bb5-05fe-44ed-a807-5b1054710232"}}
{"__type":"$$EventMessageConfirm","confirm":"e5a3d2b0-d7e2-4af1-bcda-94550c7c33d5","ts":"2026-01-16T06:30:45.750-05:00","source":{"id":"0","name":"eventBus"}}
{"__type":"$$EventMessageNode","id":"e40a3dc0-7851-4f10-baea-3de568bcb400","ts":"2026-01-16T06:30:46.650-05:00","eventName":"n8n.node.finished","message":"n8n.node.finished","payload":{"workflowId":"1QfFKeKPeALCB1uuEfz7u","workflowName":"My workflow","executionId":"68","nodeType":"n8n-nodes-base.httpRequest","nodeName":"HTTP Request1","nodeId":"4db89bb5-05fe-44ed-a807-5b1054710232"}}
{"__type":"$$EventMessageConfirm","confirm":"e40a3dc0-7851-4f10-baea-3de568bcb400","ts":"2026-01-16T06:30:46.651-05:00","source":{"id":"0","name":"eventBus"}}
{"__type":"$$EventMessageWorkflow","id":"0c4db149-5267-4594-9235-3d64e2c9033c","ts":"2026-01-16T06:30:46.654-05:00","eventName":"n8n.workflow.success","message":"n8n.workflow.success","payload":{"userId":"592f0f2c-8979-4df5-bc32-f4084e3785ed","executionId":"68","success":true,"isManual":true,"workflowId":"1QfFKeKPeALCB1uuEfz7u","workflowName":"My workflow"}}
{"__type":"$$EventMessageConfirm","confirm":"0c4db149-5267-4594-9235-3d64e2c9033c","ts":"2026-01-16T06:30:46.654-05:00","source":{"id":"0","name":"eventBus"}}
{"__type":"$$EventMessageWorkflow","id":"24f9d61f-7be1-4b85-9e50-b3fcf92ee888","ts":"2026-01-16T06:37:25.692-05:00","eventName":"n8n.workflow.started","message":"n8n.workflow.started","payload":{"executionId":"69","workflowId":"1QfFKeKPeALCB1uuEfz7u","isManual":false,"workflowName":"My workflow"}}
{"__type":"$$EventMessageConfirm","confirm":"24f9d61f-7be1-4b85-9e50-b3fcf92ee888","ts":"2026-01-16T06:37:25.693-05:00","source":{"id":"0","name":"eventBus"}}
{"__type":"$$EventMessageNode","id":"4d825466-14d1-49b4-9223-9af97c950feb","ts":"2026-01-16T06:37:25.694-05:00","eventName":"n8n.node.started","message":"n8n.node.started","payload":{"workflowId":"1QfFKeKPeALCB1uuEfz7u","workflowName":"My workflow","executionId":"69","nodeType":"n8n-nodes-base.scheduleTrigger","nodeName":"Schedule Trigger","nodeId":"a5e7a3f7-a563-4331-a833-070582038030"}}
{"__type":"$$EventMessageConfirm","confirm":"4d825466-14d1-49b4-9223-9af97c950feb","ts":"2026-01-16T06:37:25.695-05:00","source":{"id":"0","name":"eventBus"}}
{"__type":"$$EventMessageNode","id":"6c67dc8f-64fc-4dff-915b-99fab291c482","ts":"2026-01-16T06:37:25.697-05:00","eventName":"n8n.node.finished","message":"n8n.node.finished","payload":{"workflowId":"1QfFKeKPeALCB1uuEfz7u","workflowName":"My workflow","executionId":"69","nodeType":"n8n-nodes-base.scheduleTrigger","nodeName":"Schedule Trigger","nodeId":"a5e7a3f7-a563-4331-a833-070582038030"}}
{"__type":"$$EventMessageConfirm","confirm":"6c67dc8f-64fc-4dff-915b-99fab291c482","ts":"2026-01-16T06:37:25.698-05:00","source":{"id":"0","name":"eventBus"}}
{"__type":"$$EventMessageWorkflow","id":"fc09e063-fe05-426d-8585-ba8f5186bbea","ts":"2026-01-16T06:37:25.702-05:00","eventName":"n8n.workflow.success","message":"n8n.workflow.success","payload":{"userId":"592f0f2c-8979-4df5-bc32-f4084e3785ed","executionId":"69","success":true,"isManual":true,"workflowId":"1QfFKeKPeALCB1uuEfz7u","workflowName":"My workflow"}}
{"__type":"$$EventMessageConfirm","confirm":"fc09e063-fe05-426d-8585-ba8f5186bbea","ts":"2026-01-16T06:37:25.702-05:00","source":{"id":"0","name":"eventBus"}}
{"__type":"$$EventMessageAudit","id":"bb6908a6-dbec-488f-9441-3c99220f42d6","ts":"2026-01-16T06:37:46.287-05:00","eventName":"n8n.audit.workflow.updated","message":"n8n.audit.workflow.updated","payload":{"userId":"592f0f2c-8979-4df5-bc32-f4084e3785ed","_email":"lkf1234567i@gmail.com","_firstName":"Kaifeng","_lastName":"Li","globalRole":"global:owner","workflowId":"1QfFKeKPeALCB1uuEfz7u","workflowName":"My workflow"}}
{"__type":"$$EventMessageConfirm","confirm":"bb6908a6-dbec-488f-9441-3c99220f42d6","ts":"2026-01-16T06:37:46.287-05:00","source":{"id":"0","name":"eventBus"}}
{"__type":"$$EventMessageWorkflow","id":"b0989f6c-7583-473f-97b7-7cec2863c5f3","ts":"2026-01-16T06:54:25.165-05:00","eventName":"n8n.workflow.started","message":"n8n.workflow.started","payload":{"executionId":"70","workflowId":"1QfFKeKPeALCB1uuEfz7u","isManual":false,"workflowName":"My workflow"}}
{"__type":"$$EventMessageConfirm","confirm":"b0989f6c-7583-473f-97b7-7cec2863c5f3","ts":"2026-01-16T06:54:25.165-05:00","source":{"id":"0","name":"eventBus"}}
{"__type":"$$EventMessageNode","id":"33bbe23d-7b04-4964-b53b-e004695c8408","ts":"2026-01-16T06:54:25.167-05:00","eventName":"n8n.node.started","message":"n8n.node.started","payload":{"workflowId":"1QfFKeKPeALCB1uuEfz7u","workflowName":"My workflow","executionId":"70","nodeType":"n8n-nodes-base.readWriteFile","nodeName":"Read/Write Files from Disk","nodeId":"80ef32fb-b259-4652-9f45-d1f26fbbf5f0"}}
{"__type":"$$EventMessageConfirm","confirm":"33bbe23d-7b04-4964-b53b-e004695c8408","ts":"2026-01-16T06:54:25.167-05:00","source":{"id":"0","name":"eventBus"}}
{"__type":"$$EventMessageNode","id":"66ab70a0-4166-48a9-b097-d851ab86b974","ts":"2026-01-16T06:54:25.173-05:00","eventName":"n8n.node.finished","message":"n8n.node.finished","payload":{"workflowId":"1QfFKeKPeALCB1uuEfz7u","workflowName":"My workflow","executionId":"70","nodeType":"n8n-nodes-base.readWriteFile","nodeName":"Read/Write Files from Disk","nodeId":"80ef32fb-b259-4652-9f45-d1f26fbbf5f0"}}
{"__type":"$$EventMessageConfirm","confirm":"66ab70a0-4166-48a9-b097-d851ab86b974","ts":"2026-01-16T06:54:25.174-05:00","source":{"id":"0","name":"eventBus"}}
{"__type":"$$EventMessageWorkflow","id":"1535c7f5-d33b-48c2-91d3-336eed54ca70","ts":"2026-01-16T06:54:25.175-05:00","eventName":"n8n.workflow.success","message":"n8n.workflow.success","payload":{"userId":"592f0f2c-8979-4df5-bc32-f4084e3785ed","executionId":"70","success":true,"isManual":true,"workflowId":"1QfFKeKPeALCB1uuEfz7u","workflowName":"My workflow"}}
{"__type":"$$EventMessageConfirm","confirm":"1535c7f5-d33b-48c2-91d3-336eed54ca70","ts":"2026-01-16T06:54:25.175-05:00","source":{"id":"0","name":"eventBus"}}
{"__type":"$$EventMessageWorkflow","id":"052b3b9d-f704-4bac-b6d5-ed819edbcc89","ts":"2026-01-16T06:57:02.232-05:00","eventName":"n8n.workflow.started","message":"n8n.workflow.started","payload":{"executionId":"71","workflowId":"1QfFKeKPeALCB1uuEfz7u","isManual":false,"workflowName":"My workflow"}}
{"__type":"$$EventMessageConfirm","confirm":"052b3b9d-f704-4bac-b6d5-ed819edbcc89","ts":"2026-01-16T06:57:02.233-05:00","source":{"id":"0","name":"eventBus"}}
{"__type":"$$EventMessageNode","id":"125ead7c-5f18-4ed2-a727-b2f007e18a84","ts":"2026-01-16T06:57:02.234-05:00","eventName":"n8n.node.started","message":"n8n.node.started","payload":{"workflowId":"1QfFKeKPeALCB1uuEfz7u","workflowName":"My workflow","executionId":"71","nodeType":"n8n-nodes-base.code","nodeName":"Code in JavaScript","nodeId":"ea973967-2f13-4fc8-a905-bb1bfb692c47"}}
{"__type":"$$EventMessageConfirm","confirm":"125ead7c-5f18-4ed2-a727-b2f007e18a84","ts":"2026-01-16T06:57:02.234-05:00","source":{"id":"0","name":"eventBus"}}
{"__type":"$$EventMessageRunner","id":"435da2f6-f48e-4875-a2db-c59385208dfa","ts":"2026-01-16T06:57:02.236-05:00","eventName":"n8n.runner.task.requested","message":"n8n.runner.task.requested","payload":{"taskId":"RK_vxJPV","nodeId":"ea973967-2f13-4fc8-a905-bb1bfb692c47","workflowId":"1QfFKeKPeALCB1uuEfz7u","executionId":"71"}}
{"__type":"$$EventMessageConfirm","confirm":"435da2f6-f48e-4875-a2db-c59385208dfa","ts":"2026-01-16T06:57:02.236-05:00","source":{"id":"0","name":"eventBus"}}
{"__type":"$$EventMessageRunner","id":"cdaab815-2af9-4ffe-a31f-b48cb92d246a","ts":"2026-01-16T06:57:02.250-05:00","eventName":"n8n.runner.response.received","message":"n8n.runner.response.received","payload":{"taskId":"RK_vxJPV","nodeId":"ea973967-2f13-4fc8-a905-bb1bfb692c47","workflowId":"1QfFKeKPeALCB1uuEfz7u","executionId":"71"}}
{"__type":"$$EventMessageConfirm","confirm":"cdaab815-2af9-4ffe-a31f-b48cb92d246a","ts":"2026-01-16T06:57:02.251-05:00","source":{"id":"0","name":"eventBus"}}
{"__type":"$$EventMessageNode","id":"440d7f26-ef1e-43f0-b48b-285ebedb8cea","ts":"2026-01-16T06:57:02.251-05:00","eventName":"n8n.node.finished","message":"n8n.node.finished","payload":{"workflowId":"1QfFKeKPeALCB1uuEfz7u","workflowName":"My workflow","executionId":"71","nodeType":"n8n-nodes-base.code","nodeName":"Code in JavaScript","nodeId":"ea973967-2f13-4fc8-a905-bb1bfb692c47"}}
{"__type":"$$EventMessageConfirm","confirm":"440d7f26-ef1e-43f0-b48b-285ebedb8cea","ts":"2026-01-16T06:57:02.251-05:00","source":{"id":"0","name":"eventBus"}}
{"__type":"$$EventMessageWorkflow","id":"909b9ead-eb0e-45e6-8e96-77887827c042","ts":"2026-01-16T06:57:02.253-05:00","eventName":"n8n.workflow.success","message":"n8n.workflow.success","payload":{"userId":"592f0f2c-8979-4df5-bc32-f4084e3785ed","executionId":"71","success":true,"isManual":true,"workflowId":"1QfFKeKPeALCB1uuEfz7u","workflowName":"My workflow"}}
{"__type":"$$EventMessageConfirm","confirm":"909b9ead-eb0e-45e6-8e96-77887827c042","ts":"2026-01-16T06:57:02.253-05:00","source":{"id":"0","name":"eventBus"}}
{"__type":"$$EventMessageWorkflow","id":"6f7e59aa-11a7-4c29-b293-36552fd0093b","ts":"2026-01-16T06:58:16.434-05:00","eventName":"n8n.workflow.started","message":"n8n.workflow.started","payload":{"executionId":"72","workflowId":"1QfFKeKPeALCB1uuEfz7u","isManual":false,"workflowName":"My workflow"}}
{"__type":"$$EventMessageConfirm","confirm":"6f7e59aa-11a7-4c29-b293-36552fd0093b","ts":"2026-01-16T06:58:16.434-05:00","source":{"id":"0","name":"eventBus"}}
{"__type":"$$EventMessageNode","id":"efb6a86e-5ae4-49cb-84f7-155dc8153879","ts":"2026-01-16T06:58:16.436-05:00","eventName":"n8n.node.started","message":"n8n.node.started","payload":{"workflowId":"1QfFKeKPeALCB1uuEfz7u","workflowName":"My workflow","executionId":"72","nodeType":"n8n-nodes-base.httpRequest","nodeName":"HTTP Request","nodeId":"afb4bf52-4025-4bce-a1ef-46790ecf669c"}}
{"__type":"$$EventMessageConfirm","confirm":"efb6a86e-5ae4-49cb-84f7-155dc8153879","ts":"2026-01-16T06:58:16.436-05:00","source":{"id":"0","name":"eventBus"}}
{"__type":"$$EventMessageNode","id":"a0b022df-3827-490f-8fdc-3c03fcf41cac","ts":"2026-01-16T06:58:29.241-05:00","eventName":"n8n.node.finished","message":"n8n.node.finished","payload":{"workflowId":"1QfFKeKPeALCB1uuEfz7u","workflowName":"My workflow","executionId":"72","nodeType":"n8n-nodes-base.httpRequest","nodeName":"HTTP Request","nodeId":"afb4bf52-4025-4bce-a1ef-46790ecf669c"}}
{"__type":"$$EventMessageConfirm","confirm":"a0b022df-3827-490f-8fdc-3c03fcf41cac","ts":"2026-01-16T06:58:29.241-05:00","source":{"id":"0","name":"eventBus"}}
{"__type":"$$EventMessageWorkflow","id":"80b74ee5-2169-499f-8b35-069881261cfa","ts":"2026-01-16T06:58:29.244-05:00","eventName":"n8n.workflow.success","message":"n8n.workflow.success","payload":{"userId":"592f0f2c-8979-4df5-bc32-f4084e3785ed","executionId":"72","success":true,"isManual":true,"workflowId":"1QfFKeKPeALCB1uuEfz7u","workflowName":"My workflow"}}
{"__type":"$$EventMessageConfirm","confirm":"80b74ee5-2169-499f-8b35-069881261cfa","ts":"2026-01-16T06:58:29.244-05:00","source":{"id":"0","name":"eventBus"}}
{"__type":"$$EventMessageAudit","id":"e073cb22-e46d-4637-a314-38cf184acd7b","ts":"2026-01-16T06:58:34.103-05:00","eventName":"n8n.audit.workflow.updated","message":"n8n.audit.workflow.updated","payload":{"userId":"592f0f2c-8979-4df5-bc32-f4084e3785ed","_email":"lkf1234567i@gmail.com","_firstName":"Kaifeng","_lastName":"Li","globalRole":"global:owner","workflowId":"1QfFKeKPeALCB1uuEfz7u","workflowName":"My workflow"}}
{"__type":"$$EventMessageConfirm","confirm":"e073cb22-e46d-4637-a314-38cf184acd7b","ts":"2026-01-16T06:58:34.103-05:00","source":{"id":"0","name":"eventBus"}}
{"__type":"$$EventMessageWorkflow","id":"a5bdb02c-4f96-4d5a-878d-2ddf3f9ac70c","ts":"2026-01-16T06:58:35.244-05:00","eventName":"n8n.workflow.started","message":"n8n.workflow.started","payload":{"executionId":"73","workflowId":"1QfFKeKPeALCB1uuEfz7u","isManual":false,"workflowName":"My workflow"}}
{"__type":"$$EventMessageConfirm","confirm":"a5bdb02c-4f96-4d5a-878d-2ddf3f9ac70c","ts":"2026-01-16T06:58:35.245-05:00","source":{"id":"0","name":"eventBus"}}
{"__type":"$$EventMessageNode","id":"cff01176-0108-465c-a275-5969ab46db11","ts":"2026-01-16T06:58:35.246-05:00","eventName":"n8n.node.started","message":"n8n.node.started","payload":{"workflowId":"1QfFKeKPeALCB1uuEfz7u","workflowName":"My workflow","executionId":"73","nodeType":"n8n-nodes-base.scheduleTrigger","nodeName":"Schedule Trigger","nodeId":"a5e7a3f7-a563-4331-a833-070582038030"}}
{"__type":"$$EventMessageConfirm","confirm":"cff01176-0108-465c-a275-5969ab46db11","ts":"2026-01-16T06:58:35.246-05:00","source":{"id":"0","name":"eventBus"}}
{"__type":"$$EventMessageNode","id":"7153e35e-7130-4c59-b06a-e057eb013b1c","ts":"2026-01-16T06:58:35.248-05:00","eventName":"n8n.node.finished","message":"n8n.node.finished","payload":{"workflowId":"1QfFKeKPeALCB1uuEfz7u","workflowName":"My workflow","executionId":"73","nodeType":"n8n-nodes-base.scheduleTrigger","nodeName":"Schedule Trigger","nodeId":"a5e7a3f7-a563-4331-a833-070582038030"}}
{"__type":"$$EventMessageConfirm","confirm":"7153e35e-7130-4c59-b06a-e057eb013b1c","ts":"2026-01-16T06:58:35.248-05:00","source":{"id":"0","name":"eventBus"}}
{"__type":"$$EventMessageNode","id":"bfbaa171-7fd4-4612-bba7-b63d752584bd","ts":"2026-01-16T06:58:35.249-05:00","eventName":"n8n.node.started","message":"n8n.node.started","payload":{"workflowId":"1QfFKeKPeALCB1uuEfz7u","workflowName":"My workflow","executionId":"73","nodeType":"n8n-nodes-base.readWriteFile","nodeName":"Read/Write Files from Disk","nodeId":"80ef32fb-b259-4652-9f45-d1f26fbbf5f0"}}
{"__type":"$$EventMessageConfirm","confirm":"bfbaa171-7fd4-4612-bba7-b63d752584bd","ts":"2026-01-16T06:58:35.249-05:00","source":{"id":"0","name":"eventBus"}}
{"__type":"$$EventMessageNode","id":"c8cba514-d65b-4fca-875a-ccbea3456980","ts":"2026-01-16T06:58:35.254-05:00","eventName":"n8n.node.finished","message":"n8n.node.finished","payload":{"workflowId":"1QfFKeKPeALCB1uuEfz7u","workflowName":"My workflow","executionId":"73","nodeType":"n8n-nodes-base.readWriteFile","nodeName":"Read/Write Files from Disk","nodeId":"80ef32fb-b259-4652-9f45-d1f26fbbf5f0"}}
{"__type":"$$EventMessageConfirm","confirm":"c8cba514-d65b-4fca-875a-ccbea3456980","ts":"2026-01-16T06:58:35.255-05:00","source":{"id":"0","name":"eventBus"}}
{"__type":"$$EventMessageNode","id":"b2b32b9a-f8c4-41df-8fd3-8a804ed9a611","ts":"2026-01-16T06:58:35.255-05:00","eventName":"n8n.node.started","message":"n8n.node.started","payload":{"workflowId":"1QfFKeKPeALCB1uuEfz7u","workflowName":"My workflow","executionId":"73","nodeType":"n8n-nodes-base.code","nodeName":"Code in JavaScript","nodeId":"ea973967-2f13-4fc8-a905-bb1bfb692c47"}}
{"__type":"$$EventMessageConfirm","confirm":"b2b32b9a-f8c4-41df-8fd3-8a804ed9a611","ts":"2026-01-16T06:58:35.256-05:00","source":{"id":"0","name":"eventBus"}}
{"__type":"$$EventMessageRunner","id":"965a66a6-d02a-42d5-8bdd-953abedcd531","ts":"2026-01-16T06:58:35.257-05:00","eventName":"n8n.runner.task.requested","message":"n8n.runner.task.requested","payload":{"taskId":"3j0jYvFD","nodeId":"ea973967-2f13-4fc8-a905-bb1bfb692c47","workflowId":"1QfFKeKPeALCB1uuEfz7u","executionId":"73"}}
{"__type":"$$EventMessageConfirm","confirm":"965a66a6-d02a-42d5-8bdd-953abedcd531","ts":"2026-01-16T06:58:35.258-05:00","source":{"id":"0","name":"eventBus"}}
{"__type":"$$EventMessageRunner","id":"879117d8-111f-4456-9309-59a6af94bcf4","ts":"2026-01-16T06:58:35.273-05:00","eventName":"n8n.runner.response.received","message":"n8n.runner.response.received","payload":{"taskId":"3j0jYvFD","nodeId":"ea973967-2f13-4fc8-a905-bb1bfb692c47","workflowId":"1QfFKeKPeALCB1uuEfz7u","executionId":"73"}}
{"__type":"$$EventMessageConfirm","confirm":"879117d8-111f-4456-9309-59a6af94bcf4","ts":"2026-01-16T06:58:35.273-05:00","source":{"id":"0","name":"eventBus"}}
{"__type":"$$EventMessageNode","id":"79fe0bdf-9c60-4582-9888-78f351a99299","ts":"2026-01-16T06:58:35.274-05:00","eventName":"n8n.node.finished","message":"n8n.node.finished","payload":{"workflowId":"1QfFKeKPeALCB1uuEfz7u","workflowName":"My workflow","executionId":"73","nodeType":"n8n-nodes-base.code","nodeName":"Code in JavaScript","nodeId":"ea973967-2f13-4fc8-a905-bb1bfb692c47"}}
{"__type":"$$EventMessageConfirm","confirm":"79fe0bdf-9c60-4582-9888-78f351a99299","ts":"2026-01-16T06:58:35.274-05:00","source":{"id":"0","name":"eventBus"}}
{"__type":"$$EventMessageNode","id":"c8e0c960-e7aa-4a0b-8c18-126cfc8c6bcd","ts":"2026-01-16T06:58:35.276-05:00","eventName":"n8n.node.started","message":"n8n.node.started","payload":{"workflowId":"1QfFKeKPeALCB1uuEfz7u","workflowName":"My workflow","executionId":"73","nodeType":"n8n-nodes-base.httpRequest","nodeName":"HTTP Request","nodeId":"afb4bf52-4025-4bce-a1ef-46790ecf669c"}}
{"__type":"$$EventMessageConfirm","confirm":"c8e0c960-e7aa-4a0b-8c18-126cfc8c6bcd","ts":"2026-01-16T06:58:35.277-05:00","source":{"id":"0","name":"eventBus"}}
{"__type":"$$EventMessageNode","id":"6a3f2103-97bf-4734-bc10-cf80da4b27b1","ts":"2026-01-16T06:58:47.117-05:00","eventName":"n8n.node.finished","message":"n8n.node.finished","payload":{"workflowId":"1QfFKeKPeALCB1uuEfz7u","workflowName":"My workflow","executionId":"73","nodeType":"n8n-nodes-base.httpRequest","nodeName":"HTTP Request","nodeId":"afb4bf52-4025-4bce-a1ef-46790ecf669c"}}
{"__type":"$$EventMessageConfirm","confirm":"6a3f2103-97bf-4734-bc10-cf80da4b27b1","ts":"2026-01-16T06:58:47.117-05:00","source":{"id":"0","name":"eventBus"}}
{"__type":"$$EventMessageNode","id":"a7992ec6-caad-4c18-acce-d8ab8d4ad045","ts":"2026-01-16T06:58:47.118-05:00","eventName":"n8n.node.started","message":"n8n.node.started","payload":{"workflowId":"1QfFKeKPeALCB1uuEfz7u","workflowName":"My workflow","executionId":"73","nodeType":"n8n-nodes-base.httpRequest","nodeName":"HTTP Request1","nodeId":"4db89bb5-05fe-44ed-a807-5b1054710232"}}
{"__type":"$$EventMessageConfirm","confirm":"a7992ec6-caad-4c18-acce-d8ab8d4ad045","ts":"2026-01-16T06:58:47.118-05:00","source":{"id":"0","name":"eventBus"}}
{"__type":"$$EventMessageNode","id":"c73c07cd-84c1-4001-80ac-d94d36cbfb79","ts":"2026-01-16T06:58:47.122-05:00","eventName":"n8n.node.finished","message":"n8n.node.finished","payload":{"workflowId":"1QfFKeKPeALCB1uuEfz7u","workflowName":"My workflow","executionId":"73","nodeType":"n8n-nodes-base.httpRequest","nodeName":"HTTP Request1","nodeId":"4db89bb5-05fe-44ed-a807-5b1054710232"}}
{"__type":"$$EventMessageConfirm","confirm":"c73c07cd-84c1-4001-80ac-d94d36cbfb79","ts":"2026-01-16T06:58:47.123-05:00","source":{"id":"0","name":"eventBus"}}
{"__type":"$$EventMessageWorkflow","id":"3ac767e9-5ee0-4452-b322-0c78885b05cf","ts":"2026-01-16T06:58:47.125-05:00","eventName":"n8n.workflow.failed","message":"n8n.workflow.failed","payload":{"userId":"592f0f2c-8979-4df5-bc32-f4084e3785ed","executionId":"73","success":false,"isManual":true,"workflowId":"1QfFKeKPeALCB1uuEfz7u","workflowName":"My workflow","lastNodeExecuted":"HTTP Request1","errorNodeType":"n8n-nodes-base.httpRequest","errorMessage":"JSON parameter needs to be valid JSON"}}
{"__type":"$$EventMessageConfirm","confirm":"3ac767e9-5ee0-4452-b322-0c78885b05cf","ts":"2026-01-16T06:58:47.126-05:00","source":{"id":"0","name":"eventBus"}}
{"__type":"$$EventMessageWorkflow","id":"49e15854-087b-4e99-9d85-88ee94f2315b","ts":"2026-01-16T06:58:54.002-05:00","eventName":"n8n.workflow.started","message":"n8n.workflow.started","payload":{"executionId":"74","workflowId":"1QfFKeKPeALCB1uuEfz7u","isManual":false,"workflowName":"My workflow"}}
{"__type":"$$EventMessageConfirm","confirm":"49e15854-087b-4e99-9d85-88ee94f2315b","ts":"2026-01-16T06:58:54.002-05:00","source":{"id":"0","name":"eventBus"}}
{"__type":"$$EventMessageNode","id":"d548228c-7485-466b-8a66-a07440e8a530","ts":"2026-01-16T06:58:54.003-05:00","eventName":"n8n.node.started","message":"n8n.node.started","payload":{"workflowId":"1QfFKeKPeALCB1uuEfz7u","workflowName":"My workflow","executionId":"74","nodeType":"n8n-nodes-base.scheduleTrigger","nodeName":"Schedule Trigger","nodeId":"a5e7a3f7-a563-4331-a833-070582038030"}}
{"__type":"$$EventMessageConfirm","confirm":"d548228c-7485-466b-8a66-a07440e8a530","ts":"2026-01-16T06:58:54.003-05:00","source":{"id":"0","name":"eventBus"}}
{"__type":"$$EventMessageNode","id":"eee88c6c-0778-4943-aa0a-3950520e0697","ts":"2026-01-16T06:58:54.005-05:00","eventName":"n8n.node.finished","message":"n8n.node.finished","payload":{"workflowId":"1QfFKeKPeALCB1uuEfz7u","workflowName":"My workflow","executionId":"74","nodeType":"n8n-nodes-base.scheduleTrigger","nodeName":"Schedule Trigger","nodeId":"a5e7a3f7-a563-4331-a833-070582038030"}}
{"__type":"$$EventMessageConfirm","confirm":"eee88c6c-0778-4943-aa0a-3950520e0697","ts":"2026-01-16T06:58:54.005-05:00","source":{"id":"0","name":"eventBus"}}
{"__type":"$$EventMessageNode","id":"53804158-d754-491e-babd-387d34520b44","ts":"2026-01-16T06:58:54.005-05:00","eventName":"n8n.node.started","message":"n8n.node.started","payload":{"workflowId":"1QfFKeKPeALCB1uuEfz7u","workflowName":"My workflow","executionId":"74","nodeType":"n8n-nodes-base.readWriteFile","nodeName":"Read/Write Files from Disk","nodeId":"80ef32fb-b259-4652-9f45-d1f26fbbf5f0"}}
{"__type":"$$EventMessageConfirm","confirm":"53804158-d754-491e-babd-387d34520b44","ts":"2026-01-16T06:58:54.005-05:00","source":{"id":"0","name":"eventBus"}}
{"__type":"$$EventMessageNode","id":"a7cabd57-ace3-4a05-89c9-803bab3f2a75","ts":"2026-01-16T06:58:54.011-05:00","eventName":"n8n.node.finished","message":"n8n.node.finished","payload":{"workflowId":"1QfFKeKPeALCB1uuEfz7u","workflowName":"My workflow","executionId":"74","nodeType":"n8n-nodes-base.readWriteFile","nodeName":"Read/Write Files from Disk","nodeId":"80ef32fb-b259-4652-9f45-d1f26fbbf5f0"}}
{"__type":"$$EventMessageConfirm","confirm":"a7cabd57-ace3-4a05-89c9-803bab3f2a75","ts":"2026-01-16T06:58:54.011-05:00","source":{"id":"0","name":"eventBus"}}
{"__type":"$$EventMessageNode","id":"73284717-dc0d-4f93-b95a-b3a1a5224759","ts":"2026-01-16T06:58:54.012-05:00","eventName":"n8n.node.started","message":"n8n.node.started","payload":{"workflowId":"1QfFKeKPeALCB1uuEfz7u","workflowName":"My workflow","executionId":"74","nodeType":"n8n-nodes-base.code","nodeName":"Code in JavaScript","nodeId":"ea973967-2f13-4fc8-a905-bb1bfb692c47"}}
{"__type":"$$EventMessageConfirm","confirm":"73284717-dc0d-4f93-b95a-b3a1a5224759","ts":"2026-01-16T06:58:54.012-05:00","source":{"id":"0","name":"eventBus"}}
{"__type":"$$EventMessageRunner","id":"ed8c8f5a-710a-4bd5-b20f-9e209896e84b","ts":"2026-01-16T06:58:54.013-05:00","eventName":"n8n.runner.task.requested","message":"n8n.runner.task.requested","payload":{"taskId":"iYjMAMEI","nodeId":"ea973967-2f13-4fc8-a905-bb1bfb692c47","workflowId":"1QfFKeKPeALCB1uuEfz7u","executionId":"74"}}
{"__type":"$$EventMessageConfirm","confirm":"ed8c8f5a-710a-4bd5-b20f-9e209896e84b","ts":"2026-01-16T06:58:54.013-05:00","source":{"id":"0","name":"eventBus"}}
{"__type":"$$EventMessageRunner","id":"9f8252c9-e847-42b4-a8e4-9f679d8637ea","ts":"2026-01-16T06:58:54.023-05:00","eventName":"n8n.runner.response.received","message":"n8n.runner.response.received","payload":{"taskId":"iYjMAMEI","nodeId":"ea973967-2f13-4fc8-a905-bb1bfb692c47","workflowId":"1QfFKeKPeALCB1uuEfz7u","executionId":"74"}}
{"__type":"$$EventMessageConfirm","confirm":"9f8252c9-e847-42b4-a8e4-9f679d8637ea","ts":"2026-01-16T06:58:54.023-05:00","source":{"id":"0","name":"eventBus"}}
{"__type":"$$EventMessageNode","id":"8766082f-5b08-4c70-8a16-f89d64a22582","ts":"2026-01-16T06:58:54.024-05:00","eventName":"n8n.node.finished","message":"n8n.node.finished","payload":{"workflowId":"1QfFKeKPeALCB1uuEfz7u","workflowName":"My workflow","executionId":"74","nodeType":"n8n-nodes-base.code","nodeName":"Code in JavaScript","nodeId":"ea973967-2f13-4fc8-a905-bb1bfb692c47"}}
{"__type":"$$EventMessageConfirm","confirm":"8766082f-5b08-4c70-8a16-f89d64a22582","ts":"2026-01-16T06:58:54.024-05:00","source":{"id":"0","name":"eventBus"}}
{"__type":"$$EventMessageNode","id":"3ebde310-d15c-42c1-810b-3f13722e25f9","ts":"2026-01-16T06:58:54.025-05:00","eventName":"n8n.node.started","message":"n8n.node.started","payload":{"workflowId":"1QfFKeKPeALCB1uuEfz7u","workflowName":"My workflow","executionId":"74","nodeType":"n8n-nodes-base.httpRequest","nodeName":"HTTP Request","nodeId":"afb4bf52-4025-4bce-a1ef-46790ecf669c"}}
{"__type":"$$EventMessageConfirm","confirm":"3ebde310-d15c-42c1-810b-3f13722e25f9","ts":"2026-01-16T06:58:54.025-05:00","source":{"id":"0","name":"eventBus"}}
{"__type":"$$EventMessageNode","id":"8e5a4533-20ba-476f-92bd-7528440c157b","ts":"2026-01-16T06:59:12.513-05:00","eventName":"n8n.node.finished","message":"n8n.node.finished","payload":{"workflowId":"1QfFKeKPeALCB1uuEfz7u","workflowName":"My workflow","executionId":"74","nodeType":"n8n-nodes-base.httpRequest","nodeName":"HTTP Request","nodeId":"afb4bf52-4025-4bce-a1ef-46790ecf669c"}}
{"__type":"$$EventMessageConfirm","confirm":"8e5a4533-20ba-476f-92bd-7528440c157b","ts":"2026-01-16T06:59:12.513-05:00","source":{"id":"0","name":"eventBus"}}
{"__type":"$$EventMessageNode","id":"bcabb2c6-71e8-4ace-95df-3e662c44dc46","ts":"2026-01-16T06:59:12.514-05:00","eventName":"n8n.node.started","message":"n8n.node.started","payload":{"workflowId":"1QfFKeKPeALCB1uuEfz7u","workflowName":"My workflow","executionId":"74","nodeType":"n8n-nodes-base.httpRequest","nodeName":"HTTP Request1","nodeId":"4db89bb5-05fe-44ed-a807-5b1054710232"}}
{"__type":"$$EventMessageConfirm","confirm":"bcabb2c6-71e8-4ace-95df-3e662c44dc46","ts":"2026-01-16T06:59:12.514-05:00","source":{"id":"0","name":"eventBus"}}
{"__type":"$$EventMessageNode","id":"5dc14e6d-7c69-4204-b8f7-a447b30db943","ts":"2026-01-16T06:59:12.517-05:00","eventName":"n8n.node.finished","message":"n8n.node.finished","payload":{"workflowId":"1QfFKeKPeALCB1uuEfz7u","workflowName":"My workflow","executionId":"74","nodeType":"n8n-nodes-base.httpRequest","nodeName":"HTTP Request1","nodeId":"4db89bb5-05fe-44ed-a807-5b1054710232"}}
{"__type":"$$EventMessageConfirm","confirm":"5dc14e6d-7c69-4204-b8f7-a447b30db943","ts":"2026-01-16T06:59:12.517-05:00","source":{"id":"0","name":"eventBus"}}
{"__type":"$$EventMessageWorkflow","id":"bf864e8a-11df-4816-87d6-21a1849feebd","ts":"2026-01-16T06:59:12.519-05:00","eventName":"n8n.workflow.failed","message":"n8n.workflow.failed","payload":{"userId":"592f0f2c-8979-4df5-bc32-f4084e3785ed","executionId":"74","success":false,"isManual":true,"workflowId":"1QfFKeKPeALCB1uuEfz7u","workflowName":"My workflow","lastNodeExecuted":"HTTP Request1","errorNodeType":"n8n-nodes-base.httpRequest","errorMessage":"JSON parameter needs to be valid JSON"}}
{"__type":"$$EventMessageConfirm","confirm":"bf864e8a-11df-4816-87d6-21a1849feebd","ts":"2026-01-16T06:59:12.520-05:00","source":{"id":"0","name":"eventBus"}}
{"__type":"$$EventMessageWorkflow","id":"cb7ecea9-f5ba-49de-80cc-4662713a796d","ts":"2026-01-16T07:00:31.400-05:00","eventName":"n8n.workflow.started","message":"n8n.workflow.started","payload":{"executionId":"75","workflowId":"1QfFKeKPeALCB1uuEfz7u","isManual":false,"workflowName":"My workflow"}}
{"__type":"$$EventMessageConfirm","confirm":"cb7ecea9-f5ba-49de-80cc-4662713a796d","ts":"2026-01-16T07:00:31.401-05:00","source":{"id":"0","name":"eventBus"}}
{"__type":"$$EventMessageNode","id":"d1a3f353-e96b-4ad5-8910-5cd2163236d6","ts":"2026-01-16T07:00:31.407-05:00","eventName":"n8n.node.started","message":"n8n.node.started","payload":{"workflowId":"1QfFKeKPeALCB1uuEfz7u","workflowName":"My workflow","executionId":"75","nodeType":"n8n-nodes-base.httpRequest","nodeName":"HTTP Request1","nodeId":"4db89bb5-05fe-44ed-a807-5b1054710232"}}
{"__type":"$$EventMessageConfirm","confirm":"d1a3f353-e96b-4ad5-8910-5cd2163236d6","ts":"2026-01-16T07:00:31.407-05:00","source":{"id":"0","name":"eventBus"}}
{"__type":"$$EventMessageNode","id":"d582ca91-9a73-480b-8efd-23e5352421ff","ts":"2026-01-16T07:00:32.450-05:00","eventName":"n8n.node.finished","message":"n8n.node.finished","payload":{"workflowId":"1QfFKeKPeALCB1uuEfz7u","workflowName":"My workflow","executionId":"75","nodeType":"n8n-nodes-base.httpRequest","nodeName":"HTTP Request1","nodeId":"4db89bb5-05fe-44ed-a807-5b1054710232"}}
{"__type":"$$EventMessageConfirm","confirm":"d582ca91-9a73-480b-8efd-23e5352421ff","ts":"2026-01-16T07:00:32.451-05:00","source":{"id":"0","name":"eventBus"}}
{"__type":"$$EventMessageWorkflow","id":"818e7186-f034-4735-9d91-1e1b6876af33","ts":"2026-01-16T07:00:32.456-05:00","eventName":"n8n.workflow.success","message":"n8n.workflow.success","payload":{"userId":"592f0f2c-8979-4df5-bc32-f4084e3785ed","executionId":"75","success":true,"isManual":true,"workflowId":"1QfFKeKPeALCB1uuEfz7u","workflowName":"My workflow"}}
{"__type":"$$EventMessageConfirm","confirm":"818e7186-f034-4735-9d91-1e1b6876af33","ts":"2026-01-16T07:00:32.457-05:00","source":{"id":"0","name":"eventBus"}}
{"__type":"$$EventMessageWorkflow","id":"88a7a8ba-9ac8-436b-9074-788c5f90acdd","ts":"2026-01-16T07:00:35.644-05:00","eventName":"n8n.workflow.started","message":"n8n.workflow.started","payload":{"executionId":"76","workflowId":"1QfFKeKPeALCB1uuEfz7u","isManual":false,"workflowName":"My workflow"}}
{"__type":"$$EventMessageConfirm","confirm":"88a7a8ba-9ac8-436b-9074-788c5f90acdd","ts":"2026-01-16T07:00:35.645-05:00","source":{"id":"0","name":"eventBus"}}
{"__type":"$$EventMessageNode","id":"20bddff7-3333-484a-bee7-7fee725c0411","ts":"2026-01-16T07:00:35.646-05:00","eventName":"n8n.node.started","message":"n8n.node.started","payload":{"workflowId":"1QfFKeKPeALCB1uuEfz7u","workflowName":"My workflow","executionId":"76","nodeType":"n8n-nodes-base.scheduleTrigger","nodeName":"Schedule Trigger","nodeId":"a5e7a3f7-a563-4331-a833-070582038030"}}
{"__type":"$$EventMessageConfirm","confirm":"20bddff7-3333-484a-bee7-7fee725c0411","ts":"2026-01-16T07:00:35.646-05:00","source":{"id":"0","name":"eventBus"}}
{"__type":"$$EventMessageNode","id":"469af69f-0fd8-481e-936d-db9f8efa3f7c","ts":"2026-01-16T07:00:35.647-05:00","eventName":"n8n.node.finished","message":"n8n.node.finished","payload":{"workflowId":"1QfFKeKPeALCB1uuEfz7u","workflowName":"My workflow","executionId":"76","nodeType":"n8n-nodes-base.scheduleTrigger","nodeName":"Schedule Trigger","nodeId":"a5e7a3f7-a563-4331-a833-070582038030"}}
{"__type":"$$EventMessageConfirm","confirm":"469af69f-0fd8-481e-936d-db9f8efa3f7c","ts":"2026-01-16T07:00:35.647-05:00","source":{"id":"0","name":"eventBus"}}
{"__type":"$$EventMessageNode","id":"2dde9990-0478-4a2f-833e-a497bc755ad8","ts":"2026-01-16T07:00:35.648-05:00","eventName":"n8n.node.started","message":"n8n.node.started","payload":{"workflowId":"1QfFKeKPeALCB1uuEfz7u","workflowName":"My workflow","executionId":"76","nodeType":"n8n-nodes-base.readWriteFile","nodeName":"Read/Write Files from Disk","nodeId":"80ef32fb-b259-4652-9f45-d1f26fbbf5f0"}}
{"__type":"$$EventMessageConfirm","confirm":"2dde9990-0478-4a2f-833e-a497bc755ad8","ts":"2026-01-16T07:00:35.648-05:00","source":{"id":"0","name":"eventBus"}}
{"__type":"$$EventMessageNode","id":"940a887b-dc82-4f0a-94aa-b6bf1712d78e","ts":"2026-01-16T07:00:35.654-05:00","eventName":"n8n.node.finished","message":"n8n.node.finished","payload":{"workflowId":"1QfFKeKPeALCB1uuEfz7u","workflowName":"My workflow","executionId":"76","nodeType":"n8n-nodes-base.readWriteFile","nodeName":"Read/Write Files from Disk","nodeId":"80ef32fb-b259-4652-9f45-d1f26fbbf5f0"}}
{"__type":"$$EventMessageConfirm","confirm":"940a887b-dc82-4f0a-94aa-b6bf1712d78e","ts":"2026-01-16T07:00:35.654-05:00","source":{"id":"0","name":"eventBus"}}
{"__type":"$$EventMessageNode","id":"4d833d42-2bb2-43cc-89a5-e06f9c7c2932","ts":"2026-01-16T07:00:35.655-05:00","eventName":"n8n.node.started","message":"n8n.node.started","payload":{"workflowId":"1QfFKeKPeALCB1uuEfz7u","workflowName":"My workflow","executionId":"76","nodeType":"n8n-nodes-base.code","nodeName":"Code in JavaScript","nodeId":"ea973967-2f13-4fc8-a905-bb1bfb692c47"}}
{"__type":"$$EventMessageConfirm","confirm":"4d833d42-2bb2-43cc-89a5-e06f9c7c2932","ts":"2026-01-16T07:00:35.656-05:00","source":{"id":"0","name":"eventBus"}}
{"__type":"$$EventMessageRunner","id":"a8c0f8c1-b9c0-4078-ad84-975e3b15e582","ts":"2026-01-16T07:00:35.658-05:00","eventName":"n8n.runner.task.requested","message":"n8n.runner.task.requested","payload":{"taskId":"LvoVCOFQ","nodeId":"ea973967-2f13-4fc8-a905-bb1bfb692c47","workflowId":"1QfFKeKPeALCB1uuEfz7u","executionId":"76"}}
{"__type":"$$EventMessageConfirm","confirm":"a8c0f8c1-b9c0-4078-ad84-975e3b15e582","ts":"2026-01-16T07:00:35.658-05:00","source":{"id":"0","name":"eventBus"}}
{"__type":"$$EventMessageRunner","id":"75f8dadd-9d2c-495c-98f8-a7d9f583d25f","ts":"2026-01-16T07:00:35.669-05:00","eventName":"n8n.runner.response.received","message":"n8n.runner.response.received","payload":{"taskId":"LvoVCOFQ","nodeId":"ea973967-2f13-4fc8-a905-bb1bfb692c47","workflowId":"1QfFKeKPeALCB1uuEfz7u","executionId":"76"}}
{"__type":"$$EventMessageConfirm","confirm":"75f8dadd-9d2c-495c-98f8-a7d9f583d25f","ts":"2026-01-16T07:00:35.670-05:00","source":{"id":"0","name":"eventBus"}}
{"__type":"$$EventMessageNode","id":"bba21371-5c6b-45db-ac69-112106e0008a","ts":"2026-01-16T07:00:35.670-05:00","eventName":"n8n.node.finished","message":"n8n.node.finished","payload":{"workflowId":"1QfFKeKPeALCB1uuEfz7u","workflowName":"My workflow","executionId":"76","nodeType":"n8n-nodes-base.code","nodeName":"Code in JavaScript","nodeId":"ea973967-2f13-4fc8-a905-bb1bfb692c47"}}
{"__type":"$$EventMessageConfirm","confirm":"bba21371-5c6b-45db-ac69-112106e0008a","ts":"2026-01-16T07:00:35.670-05:00","source":{"id":"0","name":"eventBus"}}
{"__type":"$$EventMessageNode","id":"dd7353eb-3d37-460c-bef7-c20dd9557904","ts":"2026-01-16T07:00:35.671-05:00","eventName":"n8n.node.started","message":"n8n.node.started","payload":{"workflowId":"1QfFKeKPeALCB1uuEfz7u","workflowName":"My workflow","executionId":"76","nodeType":"n8n-nodes-base.httpRequest","nodeName":"HTTP Request","nodeId":"afb4bf52-4025-4bce-a1ef-46790ecf669c"}}
{"__type":"$$EventMessageConfirm","confirm":"dd7353eb-3d37-460c-bef7-c20dd9557904","ts":"2026-01-16T07:00:35.672-05:00","source":{"id":"0","name":"eventBus"}}
{"__type":"$$EventMessageNode","id":"602bf513-89ba-442f-9cb8-fd3727189c05","ts":"2026-01-16T07:00:48.231-05:00","eventName":"n8n.node.finished","message":"n8n.node.finished","payload":{"workflowId":"1QfFKeKPeALCB1uuEfz7u","workflowName":"My workflow","executionId":"76","nodeType":"n8n-nodes-base.httpRequest","nodeName":"HTTP Request","nodeId":"afb4bf52-4025-4bce-a1ef-46790ecf669c"}}
{"__type":"$$EventMessageConfirm","confirm":"602bf513-89ba-442f-9cb8-fd3727189c05","ts":"2026-01-16T07:00:48.232-05:00","source":{"id":"0","name":"eventBus"}}
{"__type":"$$EventMessageNode","id":"24472ad5-4b36-4372-ae38-50366098d90e","ts":"2026-01-16T07:00:48.232-05:00","eventName":"n8n.node.started","message":"n8n.node.started","payload":{"workflowId":"1QfFKeKPeALCB1uuEfz7u","workflowName":"My workflow","executionId":"76","nodeType":"n8n-nodes-base.httpRequest","nodeName":"HTTP Request1","nodeId":"4db89bb5-05fe-44ed-a807-5b1054710232"}}
{"__type":"$$EventMessageConfirm","confirm":"24472ad5-4b36-4372-ae38-50366098d90e","ts":"2026-01-16T07:00:48.232-05:00","source":{"id":"0","name":"eventBus"}}
{"__type":"$$EventMessageNode","id":"9d376dbd-277d-4e0d-81f7-aa61a819f8b6","ts":"2026-01-16T07:00:48.847-05:00","eventName":"n8n.node.finished","message":"n8n.node.finished","payload":{"workflowId":"1QfFKeKPeALCB1uuEfz7u","workflowName":"My workflow","executionId":"76","nodeType":"n8n-nodes-base.httpRequest","nodeName":"HTTP Request1","nodeId":"4db89bb5-05fe-44ed-a807-5b1054710232"}}
{"__type":"$$EventMessageConfirm","confirm":"9d376dbd-277d-4e0d-81f7-aa61a819f8b6","ts":"2026-01-16T07:00:48.848-05:00","source":{"id":"0","name":"eventBus"}}
{"__type":"$$EventMessageWorkflow","id":"8a8a736c-de12-49fc-bc8b-f592f748dd07","ts":"2026-01-16T07:00:48.852-05:00","eventName":"n8n.workflow.success","message":"n8n.workflow.success","payload":{"userId":"592f0f2c-8979-4df5-bc32-f4084e3785ed","executionId":"76","success":true,"isManual":true,"workflowId":"1QfFKeKPeALCB1uuEfz7u","workflowName":"My workflow"}}
{"__type":"$$EventMessageConfirm","confirm":"8a8a736c-de12-49fc-bc8b-f592f748dd07","ts":"2026-01-16T07:00:48.853-05:00","source":{"id":"0","name":"eventBus"}}
{"__type":"$$EventMessageAudit","id":"9937aef4-c180-4d20-99b9-21ebfd5060b0","ts":"2026-01-16T07:01:40.813-05:00","eventName":"n8n.audit.workflow.updated","message":"n8n.audit.workflow.updated","payload":{"userId":"592f0f2c-8979-4df5-bc32-f4084e3785ed","_email":"lkf1234567i@gmail.com","_firstName":"Kaifeng","_lastName":"Li","globalRole":"global:owner","workflowId":"1QfFKeKPeALCB1uuEfz7u","workflowName":"My workflow"}}
{"__type":"$$EventMessageConfirm","confirm":"9937aef4-c180-4d20-99b9-21ebfd5060b0","ts":"2026-01-16T07:01:40.813-05:00","source":{"id":"0","name":"eventBus"}}
{"__type":"$$EventMessageAudit","id":"410e3f59-e045-4758-96d1-3dc50aa34c4f","ts":"2026-01-16T07:01:45.528-05:00","eventName":"n8n.audit.workflow.activated","message":"n8n.audit.workflow.activated","payload":{"userId":"592f0f2c-8979-4df5-bc32-f4084e3785ed","_email":"lkf1234567i@gmail.com","_firstName":"Kaifeng","_lastName":"Li","globalRole":"global:owner","workflowId":"1QfFKeKPeALCB1uuEfz7u","workflowName":"My workflow","activeVersionId":"f4f0d6a8-f738-452f-9b52-3747ff6f7e46"}}
{"__type":"$$EventMessageConfirm","confirm":"410e3f59-e045-4758-96d1-3dc50aa34c4f","ts":"2026-01-16T07:01:45.528-05:00","source":{"id":"0","name":"eventBus"}}
{"__type":"$$EventMessageWorkflow","id":"392459a8-b5ab-4569-89a6-2fa0db423aae","ts":"2026-01-16T07:05:56.149-05:00","eventName":"n8n.workflow.started","message":"n8n.workflow.started","payload":{"executionId":"77","workflowId":"1QfFKeKPeALCB1uuEfz7u","isManual":false,"workflowName":"My workflow"}}
{"__type":"$$EventMessageConfirm","confirm":"392459a8-b5ab-4569-89a6-2fa0db423aae","ts":"2026-01-16T07:05:56.149-05:00","source":{"id":"0","name":"eventBus"}}
{"__type":"$$EventMessageNode","id":"371f34c5-09ff-4718-ae51-ab466a4a0b6e","ts":"2026-01-16T07:05:56.151-05:00","eventName":"n8n.node.started","message":"n8n.node.started","payload":{"workflowId":"1QfFKeKPeALCB1uuEfz7u","workflowName":"My workflow","executionId":"77","nodeType":"n8n-nodes-base.scheduleTrigger","nodeName":"Schedule Trigger","nodeId":"a5e7a3f7-a563-4331-a833-070582038030"}}
{"__type":"$$EventMessageConfirm","confirm":"371f34c5-09ff-4718-ae51-ab466a4a0b6e","ts":"2026-01-16T07:05:56.151-05:00","source":{"id":"0","name":"eventBus"}}
{"__type":"$$EventMessageNode","id":"3b2667ee-6610-408a-95f8-0254b3563631","ts":"2026-01-16T07:05:56.153-05:00","eventName":"n8n.node.finished","message":"n8n.node.finished","payload":{"workflowId":"1QfFKeKPeALCB1uuEfz7u","workflowName":"My workflow","executionId":"77","nodeType":"n8n-nodes-base.scheduleTrigger","nodeName":"Schedule Trigger","nodeId":"a5e7a3f7-a563-4331-a833-070582038030"}}
{"__type":"$$EventMessageConfirm","confirm":"3b2667ee-6610-408a-95f8-0254b3563631","ts":"2026-01-16T07:05:56.154-05:00","source":{"id":"0","name":"eventBus"}}
{"__type":"$$EventMessageWorkflow","id":"1d90cec0-b404-41bc-88a6-85c4b8fe813c","ts":"2026-01-16T07:05:56.159-05:00","eventName":"n8n.workflow.success","message":"n8n.workflow.success","payload":{"userId":"592f0f2c-8979-4df5-bc32-f4084e3785ed","executionId":"77","success":true,"isManual":true,"workflowId":"1QfFKeKPeALCB1uuEfz7u","workflowName":"My workflow"}}
{"__type":"$$EventMessageConfirm","confirm":"1d90cec0-b404-41bc-88a6-85c4b8fe813c","ts":"2026-01-16T07:05:56.159-05:00","source":{"id":"0","name":"eventBus"}}
{"__type":"$$EventMessageAudit","id":"9582ce66-db07-4a7e-84e0-48501f6932ff","ts":"2026-01-16T07:06:00.306-05:00","eventName":"n8n.audit.workflow.updated","message":"n8n.audit.workflow.updated","payload":{"userId":"592f0f2c-8979-4df5-bc32-f4084e3785ed","_email":"lkf1234567i@gmail.com","_firstName":"Kaifeng","_lastName":"Li","globalRole":"global:owner","workflowId":"1QfFKeKPeALCB1uuEfz7u","workflowName":"My workflow"}}
{"__type":"$$EventMessageConfirm","confirm":"9582ce66-db07-4a7e-84e0-48501f6932ff","ts":"2026-01-16T07:06:00.307-05:00","source":{"id":"0","name":"eventBus"}}
{"__type":"$$EventMessageAudit","id":"45d3e697-9603-4685-a363-7c56b2ea691c","ts":"2026-01-16T07:06:02.946-05:00","eventName":"n8n.audit.workflow.activated","message":"n8n.audit.workflow.activated","payload":{"userId":"592f0f2c-8979-4df5-bc32-f4084e3785ed","_email":"lkf1234567i@gmail.com","_firstName":"Kaifeng","_lastName":"Li","globalRole":"global:owner","workflowId":"1QfFKeKPeALCB1uuEfz7u","workflowName":"My workflow","activeVersionId":"d6b47a45-5add-49a8-8e94-b86156847345"}}
{"__type":"$$EventMessageConfirm","confirm":"45d3e697-9603-4685-a363-7c56b2ea691c","ts":"2026-01-16T07:06:02.946-05:00","source":{"id":"0","name":"eventBus"}}
{"__type":"$$EventMessageWorkflow","id":"0559aab9-a576-4c44-9d80-0525b36ad4f5","ts":"2026-01-16T07:08:12.899-05:00","eventName":"n8n.workflow.started","message":"n8n.workflow.started","payload":{"executionId":"78","workflowId":"1QfFKeKPeALCB1uuEfz7u","isManual":false,"workflowName":"My workflow"}}
{"__type":"$$EventMessageConfirm","confirm":"0559aab9-a576-4c44-9d80-0525b36ad4f5","ts":"2026-01-16T07:08:12.899-05:00","source":{"id":"0","name":"eventBus"}}
{"__type":"$$EventMessageNode","id":"6525a819-0d24-4adf-8e57-fd4d26778a5e","ts":"2026-01-16T07:08:12.901-05:00","eventName":"n8n.node.started","message":"n8n.node.started","payload":{"workflowId":"1QfFKeKPeALCB1uuEfz7u","workflowName":"My workflow","executionId":"78","nodeType":"n8n-nodes-base.scheduleTrigger","nodeName":"Schedule Trigger","nodeId":"a5e7a3f7-a563-4331-a833-070582038030"}}
{"__type":"$$EventMessageConfirm","confirm":"6525a819-0d24-4adf-8e57-fd4d26778a5e","ts":"2026-01-16T07:08:12.901-05:00","source":{"id":"0","name":"eventBus"}}
{"__type":"$$EventMessageNode","id":"8157a9cb-50fc-48ac-8862-3a370f537a5f","ts":"2026-01-16T07:08:12.904-05:00","eventName":"n8n.node.finished","message":"n8n.node.finished","payload":{"workflowId":"1QfFKeKPeALCB1uuEfz7u","workflowName":"My workflow","executionId":"78","nodeType":"n8n-nodes-base.scheduleTrigger","nodeName":"Schedule Trigger","nodeId":"a5e7a3f7-a563-4331-a833-070582038030"}}
{"__type":"$$EventMessageConfirm","confirm":"8157a9cb-50fc-48ac-8862-3a370f537a5f","ts":"2026-01-16T07:08:12.904-05:00","source":{"id":"0","name":"eventBus"}}
{"__type":"$$EventMessageWorkflow","id":"b9b14160-62a7-4d24-8406-ebaec99e0333","ts":"2026-01-16T07:08:12.910-05:00","eventName":"n8n.workflow.success","message":"n8n.workflow.success","payload":{"userId":"592f0f2c-8979-4df5-bc32-f4084e3785ed","executionId":"78","success":true,"isManual":true,"workflowId":"1QfFKeKPeALCB1uuEfz7u","workflowName":"My workflow"}}
{"__type":"$$EventMessageConfirm","confirm":"b9b14160-62a7-4d24-8406-ebaec99e0333","ts":"2026-01-16T07:08:12.910-05:00","source":{"id":"0","name":"eventBus"}}
{"__type":"$$EventMessageAudit","id":"16f7a1fd-1cca-42bd-9247-6512e3e1e5be","ts":"2026-01-16T07:08:15.895-05:00","eventName":"n8n.audit.workflow.updated","message":"n8n.audit.workflow.updated","payload":{"userId":"592f0f2c-8979-4df5-bc32-f4084e3785ed","_email":"lkf1234567i@gmail.com","_firstName":"Kaifeng","_lastName":"Li","globalRole":"global:owner","workflowId":"1QfFKeKPeALCB1uuEfz7u","workflowName":"My workflow"}}
{"__type":"$$EventMessageConfirm","confirm":"16f7a1fd-1cca-42bd-9247-6512e3e1e5be","ts":"2026-01-16T07:08:15.896-05:00","source":{"id":"0","name":"eventBus"}}
{"__type":"$$EventMessageAudit","id":"05eaa0bf-5d2f-447d-848b-baf23a9d3726","ts":"2026-01-16T07:08:18.034-05:00","eventName":"n8n.audit.workflow.activated","message":"n8n.audit.workflow.activated","payload":{"userId":"592f0f2c-8979-4df5-bc32-f4084e3785ed","_email":"lkf1234567i@gmail.com","_firstName":"Kaifeng","_lastName":"Li","globalRole":"global:owner","workflowId":"1QfFKeKPeALCB1uuEfz7u","workflowName":"My workflow","activeVersionId":"5abf4826-168a-4ae7-964b-3f4d05842632"}}
{"__type":"$$EventMessageConfirm","confirm":"05eaa0bf-5d2f-447d-848b-baf23a9d3726","ts":"2026-01-16T07:08:18.034-05:00","source":{"id":"0","name":"eventBus"}}
{"__type":"$$EventMessageWorkflow","id":"cc64d4e4-10a5-466f-ad4a-c5bc551c7f5e","ts":"2026-01-16T07:09:16.026-05:00","eventName":"n8n.workflow.started","message":"n8n.workflow.started","payload":{"executionId":"79","workflowId":"1QfFKeKPeALCB1uuEfz7u","isManual":false,"workflowName":"My workflow"}}
{"__type":"$$EventMessageConfirm","confirm":"cc64d4e4-10a5-466f-ad4a-c5bc551c7f5e","ts":"2026-01-16T07:09:16.027-05:00","source":{"id":"0","name":"eventBus"}}
{"__type":"$$EventMessageNode","id":"3dbbcc64-cad6-4c91-8239-e27a1be2f7dd","ts":"2026-01-16T07:09:16.027-05:00","eventName":"n8n.node.started","message":"n8n.node.started","payload":{"workflowId":"1QfFKeKPeALCB1uuEfz7u","workflowName":"My workflow","executionId":"79","nodeType":"n8n-nodes-base.scheduleTrigger","nodeName":"Schedule Trigger","nodeId":"a5e7a3f7-a563-4331-a833-070582038030"}}
{"__type":"$$EventMessageConfirm","confirm":"3dbbcc64-cad6-4c91-8239-e27a1be2f7dd","ts":"2026-01-16T07:09:16.027-05:00","source":{"id":"0","name":"eventBus"}}
{"__type":"$$EventMessageNode","id":"77277dd6-f45f-454f-b05e-d7b3a95dfe92","ts":"2026-01-16T07:09:16.027-05:00","eventName":"n8n.node.finished","message":"n8n.node.finished","payload":{"workflowId":"1QfFKeKPeALCB1uuEfz7u","workflowName":"My workflow","executionId":"79","nodeType":"n8n-nodes-base.scheduleTrigger","nodeName":"Schedule Trigger","nodeId":"a5e7a3f7-a563-4331-a833-070582038030"}}
{"__type":"$$EventMessageConfirm","confirm":"77277dd6-f45f-454f-b05e-d7b3a95dfe92","ts":"2026-01-16T07:09:16.027-05:00","source":{"id":"0","name":"eventBus"}}
{"__type":"$$EventMessageNode","id":"b2213149-5392-4258-aca1-85e04d4d272c","ts":"2026-01-16T07:09:16.027-05:00","eventName":"n8n.node.started","message":"n8n.node.started","payload":{"workflowId":"1QfFKeKPeALCB1uuEfz7u","workflowName":"My workflow","executionId":"79","nodeType":"n8n-nodes-base.readWriteFile","nodeName":"Read/Write Files from Disk","nodeId":"80ef32fb-b259-4652-9f45-d1f26fbbf5f0"}}
{"__type":"$$EventMessageConfirm","confirm":"b2213149-5392-4258-aca1-85e04d4d272c","ts":"2026-01-16T07:09:16.027-05:00","source":{"id":"0","name":"eventBus"}}
{"__type":"$$EventMessageNode","id":"0c1cbc1f-e485-431c-ba3b-e965377426c2","ts":"2026-01-16T07:09:16.035-05:00","eventName":"n8n.node.finished","message":"n8n.node.finished","payload":{"workflowId":"1QfFKeKPeALCB1uuEfz7u","workflowName":"My workflow","executionId":"79","nodeType":"n8n-nodes-base.readWriteFile","nodeName":"Read/Write Files from Disk","nodeId":"80ef32fb-b259-4652-9f45-d1f26fbbf5f0"}}
{"__type":"$$EventMessageConfirm","confirm":"0c1cbc1f-e485-431c-ba3b-e965377426c2","ts":"2026-01-16T07:09:16.035-05:00","source":{"id":"0","name":"eventBus"}}
{"__type":"$$EventMessageNode","id":"d7d99f9e-ee0c-41c8-bf2f-51d450edf97e","ts":"2026-01-16T07:09:16.035-05:00","eventName":"n8n.node.started","message":"n8n.node.started","payload":{"workflowId":"1QfFKeKPeALCB1uuEfz7u","workflowName":"My workflow","executionId":"79","nodeType":"n8n-nodes-base.code","nodeName":"Code in JavaScript","nodeId":"ea973967-2f13-4fc8-a905-bb1bfb692c47"}}
{"__type":"$$EventMessageConfirm","confirm":"d7d99f9e-ee0c-41c8-bf2f-51d450edf97e","ts":"2026-01-16T07:09:16.035-05:00","source":{"id":"0","name":"eventBus"}}
{"__type":"$$EventMessageRunner","id":"0346a4f5-1d41-46a9-90f0-8af8cb4e04e1","ts":"2026-01-16T07:09:16.036-05:00","eventName":"n8n.runner.task.requested","message":"n8n.runner.task.requested","payload":{"taskId":"5iOeqR--","nodeId":"ea973967-2f13-4fc8-a905-bb1bfb692c47","workflowId":"1QfFKeKPeALCB1uuEfz7u","executionId":"79"}}
{"__type":"$$EventMessageConfirm","confirm":"0346a4f5-1d41-46a9-90f0-8af8cb4e04e1","ts":"2026-01-16T07:09:16.036-05:00","source":{"id":"0","name":"eventBus"}}
{"__type":"$$EventMessageRunner","id":"defdb64f-654b-4340-8aa8-c651ba3cd55f","ts":"2026-01-16T07:09:16.047-05:00","eventName":"n8n.runner.response.received","message":"n8n.runner.response.received","payload":{"taskId":"5iOeqR--","nodeId":"ea973967-2f13-4fc8-a905-bb1bfb692c47","workflowId":"1QfFKeKPeALCB1uuEfz7u","executionId":"79"}}
{"__type":"$$EventMessageConfirm","confirm":"defdb64f-654b-4340-8aa8-c651ba3cd55f","ts":"2026-01-16T07:09:16.047-05:00","source":{"id":"0","name":"eventBus"}}
{"__type":"$$EventMessageNode","id":"dc42ce49-9d0b-4993-8c19-2d160f3f074b","ts":"2026-01-16T07:09:16.048-05:00","eventName":"n8n.node.finished","message":"n8n.node.finished","payload":{"workflowId":"1QfFKeKPeALCB1uuEfz7u","workflowName":"My workflow","executionId":"79","nodeType":"n8n-nodes-base.code","nodeName":"Code in JavaScript","nodeId":"ea973967-2f13-4fc8-a905-bb1bfb692c47"}}
{"__type":"$$EventMessageConfirm","confirm":"dc42ce49-9d0b-4993-8c19-2d160f3f074b","ts":"2026-01-16T07:09:16.048-05:00","source":{"id":"0","name":"eventBus"}}
{"__type":"$$EventMessageNode","id":"a63b274f-d884-443a-a2b3-ef3f46afbf41","ts":"2026-01-16T07:09:16.048-05:00","eventName":"n8n.node.started","message":"n8n.node.started","payload":{"workflowId":"1QfFKeKPeALCB1uuEfz7u","workflowName":"My workflow","executionId":"79","nodeType":"n8n-nodes-base.httpRequest","nodeName":"HTTP Request","nodeId":"afb4bf52-4025-4bce-a1ef-46790ecf669c"}}
{"__type":"$$EventMessageConfirm","confirm":"a63b274f-d884-443a-a2b3-ef3f46afbf41","ts":"2026-01-16T07:09:16.048-05:00","source":{"id":"0","name":"eventBus"}}
{"__type":"$$EventMessageNode","id":"e36d06f6-f988-4718-b62e-85a287b420ab","ts":"2026-01-16T07:09:27.665-05:00","eventName":"n8n.node.finished","message":"n8n.node.finished","payload":{"workflowId":"1QfFKeKPeALCB1uuEfz7u","workflowName":"My workflow","executionId":"79","nodeType":"n8n-nodes-base.httpRequest","nodeName":"HTTP Request","nodeId":"afb4bf52-4025-4bce-a1ef-46790ecf669c"}}
{"__type":"$$EventMessageConfirm","confirm":"e36d06f6-f988-4718-b62e-85a287b420ab","ts":"2026-01-16T07:09:27.666-05:00","source":{"id":"0","name":"eventBus"}}
{"__type":"$$EventMessageNode","id":"aa762b0c-f5d4-4e56-a752-c77c74b0af1f","ts":"2026-01-16T07:09:27.666-05:00","eventName":"n8n.node.started","message":"n8n.node.started","payload":{"workflowId":"1QfFKeKPeALCB1uuEfz7u","workflowName":"My workflow","executionId":"79","nodeType":"n8n-nodes-base.httpRequest","nodeName":"HTTP Request1","nodeId":"4db89bb5-05fe-44ed-a807-5b1054710232"}}
{"__type":"$$EventMessageConfirm","confirm":"aa762b0c-f5d4-4e56-a752-c77c74b0af1f","ts":"2026-01-16T07:09:27.666-05:00","source":{"id":"0","name":"eventBus"}}
{"__type":"$$EventMessageNode","id":"f742fd84-e3fa-41c0-8ba3-010e5d8c90af","ts":"2026-01-16T07:09:28.332-05:00","eventName":"n8n.node.finished","message":"n8n.node.finished","payload":{"workflowId":"1QfFKeKPeALCB1uuEfz7u","workflowName":"My workflow","executionId":"79","nodeType":"n8n-nodes-base.httpRequest","nodeName":"HTTP Request1","nodeId":"4db89bb5-05fe-44ed-a807-5b1054710232"}}
{"__type":"$$EventMessageConfirm","confirm":"f742fd84-e3fa-41c0-8ba3-010e5d8c90af","ts":"2026-01-16T07:09:28.332-05:00","source":{"id":"0","name":"eventBus"}}
{"__type":"$$EventMessageWorkflow","id":"1056703b-d177-44a5-8122-c5184a2fd18c","ts":"2026-01-16T07:09:28.332-05:00","eventName":"n8n.workflow.success","message":"n8n.workflow.success","payload":{"executionId":"79","success":true,"isManual":false,"workflowId":"1QfFKeKPeALCB1uuEfz7u","workflowName":"My workflow"}}
{"__type":"$$EventMessageConfirm","confirm":"1056703b-d177-44a5-8122-c5184a2fd18c","ts":"2026-01-16T07:09:28.332-05:00","source":{"id":"0","name":"eventBus"}}
{"__type":"$$EventMessageWorkflow","id":"f3275d84-b301-4806-93e3-e8fb9bbb83e1","ts":"2026-01-16T07:10:16.027-05:00","eventName":"n8n.workflow.started","message":"n8n.workflow.started","payload":{"executionId":"80","workflowId":"1QfFKeKPeALCB1uuEfz7u","isManual":false,"workflowName":"My workflow"}}
{"__type":"$$EventMessageConfirm","confirm":"f3275d84-b301-4806-93e3-e8fb9bbb83e1","ts":"2026-01-16T07:10:16.028-05:00","source":{"id":"0","name":"eventBus"}}
{"__type":"$$EventMessageNode","id":"d9ac1faa-3f90-4091-9d5a-e05b6a5b07c9","ts":"2026-01-16T07:10:16.028-05:00","eventName":"n8n.node.started","message":"n8n.node.started","payload":{"workflowId":"1QfFKeKPeALCB1uuEfz7u","workflowName":"My workflow","executionId":"80","nodeType":"n8n-nodes-base.scheduleTrigger","nodeName":"Schedule Trigger","nodeId":"a5e7a3f7-a563-4331-a833-070582038030"}}
{"__type":"$$EventMessageConfirm","confirm":"d9ac1faa-3f90-4091-9d5a-e05b6a5b07c9","ts":"2026-01-16T07:10:16.028-05:00","source":{"id":"0","name":"eventBus"}}
{"__type":"$$EventMessageNode","id":"48146864-0a7a-426e-b0de-389c93d0aa6f","ts":"2026-01-16T07:10:16.028-05:00","eventName":"n8n.node.finished","message":"n8n.node.finished","payload":{"workflowId":"1QfFKeKPeALCB1uuEfz7u","workflowName":"My workflow","executionId":"80","nodeType":"n8n-nodes-base.scheduleTrigger","nodeName":"Schedule Trigger","nodeId":"a5e7a3f7-a563-4331-a833-070582038030"}}
{"__type":"$$EventMessageConfirm","confirm":"48146864-0a7a-426e-b0de-389c93d0aa6f","ts":"2026-01-16T07:10:16.028-05:00","source":{"id":"0","name":"eventBus"}}
{"__type":"$$EventMessageNode","id":"cce426eb-8023-4424-9566-cc320315231a","ts":"2026-01-16T07:10:16.028-05:00","eventName":"n8n.node.started","message":"n8n.node.started","payload":{"workflowId":"1QfFKeKPeALCB1uuEfz7u","workflowName":"My workflow","executionId":"80","nodeType":"n8n-nodes-base.readWriteFile","nodeName":"Read/Write Files from Disk","nodeId":"80ef32fb-b259-4652-9f45-d1f26fbbf5f0"}}
{"__type":"$$EventMessageConfirm","confirm":"cce426eb-8023-4424-9566-cc320315231a","ts":"2026-01-16T07:10:16.028-05:00","source":{"id":"0","name":"eventBus"}}
{"__type":"$$EventMessageNode","id":"adeddf58-5b07-4b5f-aff8-ac7513539789","ts":"2026-01-16T07:10:16.034-05:00","eventName":"n8n.node.finished","message":"n8n.node.finished","payload":{"workflowId":"1QfFKeKPeALCB1uuEfz7u","workflowName":"My workflow","executionId":"80","nodeType":"n8n-nodes-base.readWriteFile","nodeName":"Read/Write Files from Disk","nodeId":"80ef32fb-b259-4652-9f45-d1f26fbbf5f0"}}
{"__type":"$$EventMessageConfirm","confirm":"adeddf58-5b07-4b5f-aff8-ac7513539789","ts":"2026-01-16T07:10:16.035-05:00","source":{"id":"0","name":"eventBus"}}
{"__type":"$$EventMessageNode","id":"6f731c51-f223-4b71-8480-cdabb58c8657","ts":"2026-01-16T07:10:16.035-05:00","eventName":"n8n.node.started","message":"n8n.node.started","payload":{"workflowId":"1QfFKeKPeALCB1uuEfz7u","workflowName":"My workflow","executionId":"80","nodeType":"n8n-nodes-base.code","nodeName":"Code in JavaScript","nodeId":"ea973967-2f13-4fc8-a905-bb1bfb692c47"}}
{"__type":"$$EventMessageConfirm","confirm":"6f731c51-f223-4b71-8480-cdabb58c8657","ts":"2026-01-16T07:10:16.035-05:00","source":{"id":"0","name":"eventBus"}}
{"__type":"$$EventMessageRunner","id":"aea52e1a-40c3-41f7-a8a2-e86bf4c6d4bc","ts":"2026-01-16T07:10:16.036-05:00","eventName":"n8n.runner.task.requested","message":"n8n.runner.task.requested","payload":{"taskId":"GEFhmW9O","nodeId":"ea973967-2f13-4fc8-a905-bb1bfb692c47","workflowId":"1QfFKeKPeALCB1uuEfz7u","executionId":"80"}}
{"__type":"$$EventMessageConfirm","confirm":"aea52e1a-40c3-41f7-a8a2-e86bf4c6d4bc","ts":"2026-01-16T07:10:16.036-05:00","source":{"id":"0","name":"eventBus"}}
{"__type":"$$EventMessageRunner","id":"b2faecec-b2de-4e38-8dc8-ed8320348583","ts":"2026-01-16T07:10:16.049-05:00","eventName":"n8n.runner.response.received","message":"n8n.runner.response.received","payload":{"taskId":"GEFhmW9O","nodeId":"ea973967-2f13-4fc8-a905-bb1bfb692c47","workflowId":"1QfFKeKPeALCB1uuEfz7u","executionId":"80"}}
{"__type":"$$EventMessageConfirm","confirm":"b2faecec-b2de-4e38-8dc8-ed8320348583","ts":"2026-01-16T07:10:16.049-05:00","source":{"id":"0","name":"eventBus"}}
{"__type":"$$EventMessageNode","id":"7036dfe0-e452-4ab4-be7d-5d68dbcc3913","ts":"2026-01-16T07:10:16.049-05:00","eventName":"n8n.node.finished","message":"n8n.node.finished","payload":{"workflowId":"1QfFKeKPeALCB1uuEfz7u","workflowName":"My workflow","executionId":"80","nodeType":"n8n-nodes-base.code","nodeName":"Code in JavaScript","nodeId":"ea973967-2f13-4fc8-a905-bb1bfb692c47"}}
{"__type":"$$EventMessageConfirm","confirm":"7036dfe0-e452-4ab4-be7d-5d68dbcc3913","ts":"2026-01-16T07:10:16.049-05:00","source":{"id":"0","name":"eventBus"}}
{"__type":"$$EventMessageNode","id":"95802437-60aa-4ac8-8de2-ab8ecd3212d2","ts":"2026-01-16T07:10:16.049-05:00","eventName":"n8n.node.started","message":"n8n.node.started","payload":{"workflowId":"1QfFKeKPeALCB1uuEfz7u","workflowName":"My workflow","executionId":"80","nodeType":"n8n-nodes-base.httpRequest","nodeName":"HTTP Request","nodeId":"afb4bf52-4025-4bce-a1ef-46790ecf669c"}}
{"__type":"$$EventMessageConfirm","confirm":"95802437-60aa-4ac8-8de2-ab8ecd3212d2","ts":"2026-01-16T07:10:16.049-05:00","source":{"id":"0","name":"eventBus"}}
{"__type":"$$EventMessageNode","id":"d9c88f72-c1bd-4892-9607-caa9a8a19ce5","ts":"2026-01-16T07:10:26.707-05:00","eventName":"n8n.node.finished","message":"n8n.node.finished","payload":{"workflowId":"1QfFKeKPeALCB1uuEfz7u","workflowName":"My workflow","executionId":"80","nodeType":"n8n-nodes-base.httpRequest","nodeName":"HTTP Request","nodeId":"afb4bf52-4025-4bce-a1ef-46790ecf669c"}}
{"__type":"$$EventMessageConfirm","confirm":"d9c88f72-c1bd-4892-9607-caa9a8a19ce5","ts":"2026-01-16T07:10:26.707-05:00","source":{"id":"0","name":"eventBus"}}
{"__type":"$$EventMessageNode","id":"5ee714e5-92a8-4ebb-9f9d-63000d49243e","ts":"2026-01-16T07:10:26.707-05:00","eventName":"n8n.node.started","message":"n8n.node.started","payload":{"workflowId":"1QfFKeKPeALCB1uuEfz7u","workflowName":"My workflow","executionId":"80","nodeType":"n8n-nodes-base.httpRequest","nodeName":"HTTP Request1","nodeId":"4db89bb5-05fe-44ed-a807-5b1054710232"}}
{"__type":"$$EventMessageConfirm","confirm":"5ee714e5-92a8-4ebb-9f9d-63000d49243e","ts":"2026-01-16T07:10:26.707-05:00","source":{"id":"0","name":"eventBus"}}
{"__type":"$$EventMessageNode","id":"4b3e46e2-4a0c-4672-90f2-1aaaa3e7d00c","ts":"2026-01-16T07:10:27.325-05:00","eventName":"n8n.node.finished","message":"n8n.node.finished","payload":{"workflowId":"1QfFKeKPeALCB1uuEfz7u","workflowName":"My workflow","executionId":"80","nodeType":"n8n-nodes-base.httpRequest","nodeName":"HTTP Request1","nodeId":"4db89bb5-05fe-44ed-a807-5b1054710232"}}
{"__type":"$$EventMessageConfirm","confirm":"4b3e46e2-4a0c-4672-90f2-1aaaa3e7d00c","ts":"2026-01-16T07:10:27.325-05:00","source":{"id":"0","name":"eventBus"}}
{"__type":"$$EventMessageWorkflow","id":"cf4d8f41-cd7e-4cfa-8f73-85e3c4274314","ts":"2026-01-16T07:10:27.325-05:00","eventName":"n8n.workflow.success","message":"n8n.workflow.success","payload":{"executionId":"80","success":true,"isManual":false,"workflowId":"1QfFKeKPeALCB1uuEfz7u","workflowName":"My workflow"}}
{"__type":"$$EventMessageConfirm","confirm":"cf4d8f41-cd7e-4cfa-8f73-85e3c4274314","ts":"2026-01-16T07:10:27.325-05:00","source":{"id":"0","name":"eventBus"}}
{"__type":"$$EventMessageWorkflow","id":"1d6de02c-66a1-41ed-9456-cbea638cd873","ts":"2026-01-16T07:11:16.029-05:00","eventName":"n8n.workflow.started","message":"n8n.workflow.started","payload":{"executionId":"81","workflowId":"1QfFKeKPeALCB1uuEfz7u","isManual":false,"workflowName":"My workflow"}}
{"__type":"$$EventMessageConfirm","confirm":"1d6de02c-66a1-41ed-9456-cbea638cd873","ts":"2026-01-16T07:11:16.029-05:00","source":{"id":"0","name":"eventBus"}}
{"__type":"$$EventMessageNode","id":"090a1389-4055-45ee-a6bf-65e8bb57ef4c","ts":"2026-01-16T07:11:16.029-05:00","eventName":"n8n.node.started","message":"n8n.node.started","payload":{"workflowId":"1QfFKeKPeALCB1uuEfz7u","workflowName":"My workflow","executionId":"81","nodeType":"n8n-nodes-base.scheduleTrigger","nodeName":"Schedule Trigger","nodeId":"a5e7a3f7-a563-4331-a833-070582038030"}}
{"__type":"$$EventMessageConfirm","confirm":"090a1389-4055-45ee-a6bf-65e8bb57ef4c","ts":"2026-01-16T07:11:16.029-05:00","source":{"id":"0","name":"eventBus"}}
{"__type":"$$EventMessageNode","id":"880b2b12-93a1-4391-a68b-29072029a034","ts":"2026-01-16T07:11:16.029-05:00","eventName":"n8n.node.finished","message":"n8n.node.finished","payload":{"workflowId":"1QfFKeKPeALCB1uuEfz7u","workflowName":"My workflow","executionId":"81","nodeType":"n8n-nodes-base.scheduleTrigger","nodeName":"Schedule Trigger","nodeId":"a5e7a3f7-a563-4331-a833-070582038030"}}
{"__type":"$$EventMessageConfirm","confirm":"880b2b12-93a1-4391-a68b-29072029a034","ts":"2026-01-16T07:11:16.029-05:00","source":{"id":"0","name":"eventBus"}}
{"__type":"$$EventMessageNode","id":"d4cc2316-9a73-4dda-b1fe-b3224497b67e","ts":"2026-01-16T07:11:16.030-05:00","eventName":"n8n.node.started","message":"n8n.node.started","payload":{"workflowId":"1QfFKeKPeALCB1uuEfz7u","workflowName":"My workflow","executionId":"81","nodeType":"n8n-nodes-base.readWriteFile","nodeName":"Read/Write Files from Disk","nodeId":"80ef32fb-b259-4652-9f45-d1f26fbbf5f0"}}
{"__type":"$$EventMessageConfirm","confirm":"d4cc2316-9a73-4dda-b1fe-b3224497b67e","ts":"2026-01-16T07:11:16.030-05:00","source":{"id":"0","name":"eventBus"}}
{"__type":"$$EventMessageNode","id":"e2275a0c-037d-4b05-8641-f32c03ea06d4","ts":"2026-01-16T07:11:16.037-05:00","eventName":"n8n.node.finished","message":"n8n.node.finished","payload":{"workflowId":"1QfFKeKPeALCB1uuEfz7u","workflowName":"My workflow","executionId":"81","nodeType":"n8n-nodes-base.readWriteFile","nodeName":"Read/Write Files from Disk","nodeId":"80ef32fb-b259-4652-9f45-d1f26fbbf5f0"}}
{"__type":"$$EventMessageConfirm","confirm":"e2275a0c-037d-4b05-8641-f32c03ea06d4","ts":"2026-01-16T07:11:16.037-05:00","source":{"id":"0","name":"eventBus"}}
{"__type":"$$EventMessageNode","id":"75fcce78-059d-4adf-8f38-8485483291c6","ts":"2026-01-16T07:11:16.037-05:00","eventName":"n8n.node.started","message":"n8n.node.started","payload":{"workflowId":"1QfFKeKPeALCB1uuEfz7u","workflowName":"My workflow","executionId":"81","nodeType":"n8n-nodes-base.code","nodeName":"Code in JavaScript","nodeId":"ea973967-2f13-4fc8-a905-bb1bfb692c47"}}
{"__type":"$$EventMessageConfirm","confirm":"75fcce78-059d-4adf-8f38-8485483291c6","ts":"2026-01-16T07:11:16.037-05:00","source":{"id":"0","name":"eventBus"}}
{"__type":"$$EventMessageRunner","id":"fa1a2b94-6a06-4940-96ae-034ed888ec97","ts":"2026-01-16T07:11:16.038-05:00","eventName":"n8n.runner.task.requested","message":"n8n.runner.task.requested","payload":{"taskId":"cwDM9VuG","nodeId":"ea973967-2f13-4fc8-a905-bb1bfb692c47","workflowId":"1QfFKeKPeALCB1uuEfz7u","executionId":"81"}}
{"__type":"$$EventMessageConfirm","confirm":"fa1a2b94-6a06-4940-96ae-034ed888ec97","ts":"2026-01-16T07:11:16.039-05:00","source":{"id":"0","name":"eventBus"}}
{"__type":"$$EventMessageRunner","id":"61f4dc95-651f-4c73-9788-9267846f94fb","ts":"2026-01-16T07:11:16.050-05:00","eventName":"n8n.runner.response.received","message":"n8n.runner.response.received","payload":{"taskId":"cwDM9VuG","nodeId":"ea973967-2f13-4fc8-a905-bb1bfb692c47","workflowId":"1QfFKeKPeALCB1uuEfz7u","executionId":"81"}}
{"__type":"$$EventMessageConfirm","confirm":"61f4dc95-651f-4c73-9788-9267846f94fb","ts":"2026-01-16T07:11:16.050-05:00","source":{"id":"0","name":"eventBus"}}
{"__type":"$$EventMessageNode","id":"d66c9719-776b-4536-b646-c3f6a83b42ac","ts":"2026-01-16T07:11:16.051-05:00","eventName":"n8n.node.finished","message":"n8n.node.finished","payload":{"workflowId":"1QfFKeKPeALCB1uuEfz7u","workflowName":"My workflow","executionId":"81","nodeType":"n8n-nodes-base.code","nodeName":"Code in JavaScript","nodeId":"ea973967-2f13-4fc8-a905-bb1bfb692c47"}}
{"__type":"$$EventMessageConfirm","confirm":"d66c9719-776b-4536-b646-c3f6a83b42ac","ts":"2026-01-16T07:11:16.051-05:00","source":{"id":"0","name":"eventBus"}}
{"__type":"$$EventMessageNode","id":"923baf9b-bc97-4876-bda8-05891d588f31","ts":"2026-01-16T07:11:16.051-05:00","eventName":"n8n.node.started","message":"n8n.node.started","payload":{"workflowId":"1QfFKeKPeALCB1uuEfz7u","workflowName":"My workflow","executionId":"81","nodeType":"n8n-nodes-base.httpRequest","nodeName":"HTTP Request","nodeId":"afb4bf52-4025-4bce-a1ef-46790ecf669c"}}
{"__type":"$$EventMessageConfirm","confirm":"923baf9b-bc97-4876-bda8-05891d588f31","ts":"2026-01-16T07:11:16.051-05:00","source":{"id":"0","name":"eventBus"}}
{"__type":"$$EventMessageNode","id":"d53892a8-49e9-449e-afd0-d6f423e3ce12","ts":"2026-01-16T07:11:37.021-05:00","eventName":"n8n.node.finished","message":"n8n.node.finished","payload":{"workflowId":"1QfFKeKPeALCB1uuEfz7u","workflowName":"My workflow","executionId":"81","nodeType":"n8n-nodes-base.httpRequest","nodeName":"HTTP Request","nodeId":"afb4bf52-4025-4bce-a1ef-46790ecf669c"}}
{"__type":"$$EventMessageConfirm","confirm":"d53892a8-49e9-449e-afd0-d6f423e3ce12","ts":"2026-01-16T07:11:37.021-05:00","source":{"id":"0","name":"eventBus"}}
{"__type":"$$EventMessageNode","id":"870c060d-603e-4950-8fa1-842fd8cc0c81","ts":"2026-01-16T07:11:37.021-05:00","eventName":"n8n.node.started","message":"n8n.node.started","payload":{"workflowId":"1QfFKeKPeALCB1uuEfz7u","workflowName":"My workflow","executionId":"81","nodeType":"n8n-nodes-base.httpRequest","nodeName":"HTTP Request1","nodeId":"4db89bb5-05fe-44ed-a807-5b1054710232"}}
{"__type":"$$EventMessageConfirm","confirm":"870c060d-603e-4950-8fa1-842fd8cc0c81","ts":"2026-01-16T07:11:37.021-05:00","source":{"id":"0","name":"eventBus"}}
{"__type":"$$EventMessageNode","id":"ae723450-a4bf-4473-a17a-377e60572819","ts":"2026-01-16T07:11:37.791-05:00","eventName":"n8n.node.finished","message":"n8n.node.finished","payload":{"workflowId":"1QfFKeKPeALCB1uuEfz7u","workflowName":"My workflow","executionId":"81","nodeType":"n8n-nodes-base.httpRequest","nodeName":"HTTP Request1","nodeId":"4db89bb5-05fe-44ed-a807-5b1054710232"}}
{"__type":"$$EventMessageConfirm","confirm":"ae723450-a4bf-4473-a17a-377e60572819","ts":"2026-01-16T07:11:37.791-05:00","source":{"id":"0","name":"eventBus"}}
{"__type":"$$EventMessageWorkflow","id":"20c9ed4f-3dec-4604-b7dc-1bd0f5d000df","ts":"2026-01-16T07:11:37.792-05:00","eventName":"n8n.workflow.success","message":"n8n.workflow.success","payload":{"executionId":"81","success":true,"isManual":false,"workflowId":"1QfFKeKPeALCB1uuEfz7u","workflowName":"My workflow"}}
{"__type":"$$EventMessageConfirm","confirm":"20c9ed4f-3dec-4604-b7dc-1bd0f5d000df","ts":"2026-01-16T07:11:37.792-05:00","source":{"id":"0","name":"eventBus"}}
{"__type":"$$EventMessageWorkflow","id":"74f7c298-1d1d-40fb-bf2f-a4b6e71017a5","ts":"2026-01-16T07:12:05.792-05:00","eventName":"n8n.workflow.started","message":"n8n.workflow.started","payload":{"executionId":"82","workflowId":"1QfFKeKPeALCB1uuEfz7u","isManual":false,"workflowName":"My workflow"}}
{"__type":"$$EventMessageConfirm","confirm":"74f7c298-1d1d-40fb-bf2f-a4b6e71017a5","ts":"2026-01-16T07:12:05.793-05:00","source":{"id":"0","name":"eventBus"}}
{"__type":"$$EventMessageNode","id":"2836cbd6-3faf-4903-9467-e03cecbe1ad8","ts":"2026-01-16T07:12:05.794-05:00","eventName":"n8n.node.started","message":"n8n.node.started","payload":{"workflowId":"1QfFKeKPeALCB1uuEfz7u","workflowName":"My workflow","executionId":"82","nodeType":"n8n-nodes-base.scheduleTrigger","nodeName":"Schedule Trigger","nodeId":"a5e7a3f7-a563-4331-a833-070582038030"}}
{"__type":"$$EventMessageConfirm","confirm":"2836cbd6-3faf-4903-9467-e03cecbe1ad8","ts":"2026-01-16T07:12:05.794-05:00","source":{"id":"0","name":"eventBus"}}
{"__type":"$$EventMessageNode","id":"86a39824-f302-4e76-864d-2fb155e65631","ts":"2026-01-16T07:12:05.795-05:00","eventName":"n8n.node.finished","message":"n8n.node.finished","payload":{"workflowId":"1QfFKeKPeALCB1uuEfz7u","workflowName":"My workflow","executionId":"82","nodeType":"n8n-nodes-base.scheduleTrigger","nodeName":"Schedule Trigger","nodeId":"a5e7a3f7-a563-4331-a833-070582038030"}}
{"__type":"$$EventMessageConfirm","confirm":"86a39824-f302-4e76-864d-2fb155e65631","ts":"2026-01-16T07:12:05.795-05:00","source":{"id":"0","name":"eventBus"}}
{"__type":"$$EventMessageWorkflow","id":"574558f6-7d6d-4854-a344-1c0352e73c97","ts":"2026-01-16T07:12:05.798-05:00","eventName":"n8n.workflow.success","message":"n8n.workflow.success","payload":{"userId":"592f0f2c-8979-4df5-bc32-f4084e3785ed","executionId":"82","success":true,"isManual":true,"workflowId":"1QfFKeKPeALCB1uuEfz7u","workflowName":"My workflow"}}
{"__type":"$$EventMessageConfirm","confirm":"574558f6-7d6d-4854-a344-1c0352e73c97","ts":"2026-01-16T07:12:05.798-05:00","source":{"id":"0","name":"eventBus"}}
{"__type":"$$EventMessageAudit","id":"9287b910-9149-4547-a4cc-c7739dd598c1","ts":"2026-01-16T07:12:09.459-05:00","eventName":"n8n.audit.workflow.updated","message":"n8n.audit.workflow.updated","payload":{"userId":"592f0f2c-8979-4df5-bc32-f4084e3785ed","_email":"lkf1234567i@gmail.com","_firstName":"Kaifeng","_lastName":"Li","globalRole":"global:owner","workflowId":"1QfFKeKPeALCB1uuEfz7u","workflowName":"My workflow"}}
{"__type":"$$EventMessageConfirm","confirm":"9287b910-9149-4547-a4cc-c7739dd598c1","ts":"2026-01-16T07:12:09.459-05:00","source":{"id":"0","name":"eventBus"}}
{"__type":"$$EventMessageAudit","id":"268444bf-4c6b-4c1c-aad6-67477643d321","ts":"2026-01-16T07:12:11.458-05:00","eventName":"n8n.audit.workflow.activated","message":"n8n.audit.workflow.activated","payload":{"userId":"592f0f2c-8979-4df5-bc32-f4084e3785ed","_email":"lkf1234567i@gmail.com","_firstName":"Kaifeng","_lastName":"Li","globalRole":"global:owner","workflowId":"1QfFKeKPeALCB1uuEfz7u","workflowName":"My workflow","activeVersionId":"d1d8ef3e-8387-4ef6-92cd-970353ca6ed6"}}
{"__type":"$$EventMessageConfirm","confirm":"268444bf-4c6b-4c1c-aad6-67477643d321","ts":"2026-01-16T07:12:11.458-05:00","source":{"id":"0","name":"eventBus"}}
{"__type":"$$EventMessageWorkflow","id":"5262eeac-4434-4991-a63d-1ec4eec6fd82","ts":"2026-01-16T07:18:51.505-05:00","eventName":"n8n.workflow.started","message":"n8n.workflow.started","payload":{"executionId":"83","workflowId":"1QfFKeKPeALCB1uuEfz7u","isManual":false,"workflowName":"My workflow"}}
{"__type":"$$EventMessageConfirm","confirm":"5262eeac-4434-4991-a63d-1ec4eec6fd82","ts":"2026-01-16T07:18:51.505-05:00","source":{"id":"0","name":"eventBus"}}
{"__type":"$$EventMessageNode","id":"1ced3818-f4d2-4bc1-857e-66160f0497f7","ts":"2026-01-16T07:18:51.506-05:00","eventName":"n8n.node.started","message":"n8n.node.started","payload":{"workflowId":"1QfFKeKPeALCB1uuEfz7u","workflowName":"My workflow","executionId":"83","nodeType":"n8n-nodes-base.readWriteFile","nodeName":"Read/Write Files from Disk","nodeId":"80ef32fb-b259-4652-9f45-d1f26fbbf5f0"}}
{"__type":"$$EventMessageConfirm","confirm":"1ced3818-f4d2-4bc1-857e-66160f0497f7","ts":"2026-01-16T07:18:51.507-05:00","source":{"id":"0","name":"eventBus"}}
{"__type":"$$EventMessageNode","id":"cb01e4e4-0133-4407-a528-84cdc7b13b8c","ts":"2026-01-16T07:18:51.512-05:00","eventName":"n8n.node.finished","message":"n8n.node.finished","payload":{"workflowId":"1QfFKeKPeALCB1uuEfz7u","workflowName":"My workflow","executionId":"83","nodeType":"n8n-nodes-base.readWriteFile","nodeName":"Read/Write Files from Disk","nodeId":"80ef32fb-b259-4652-9f45-d1f26fbbf5f0"}}
{"__type":"$$EventMessageConfirm","confirm":"cb01e4e4-0133-4407-a528-84cdc7b13b8c","ts":"2026-01-16T07:18:51.512-05:00","source":{"id":"0","name":"eventBus"}}
{"__type":"$$EventMessageNode","id":"d91176fe-33b4-4103-9afa-feff8cf5e065","ts":"2026-01-16T07:18:51.512-05:00","eventName":"n8n.node.started","message":"n8n.node.started","payload":{"workflowId":"1QfFKeKPeALCB1uuEfz7u","workflowName":"My workflow","executionId":"83","nodeType":"n8n-nodes-base.code","nodeName":"Code in JavaScript","nodeId":"ea973967-2f13-4fc8-a905-bb1bfb692c47"}}
{"__type":"$$EventMessageConfirm","confirm":"d91176fe-33b4-4103-9afa-feff8cf5e065","ts":"2026-01-16T07:18:51.513-05:00","source":{"id":"0","name":"eventBus"}}
{"__type":"$$EventMessageRunner","id":"f9ac64d1-aa2a-4101-8e10-4ebbc70b9711","ts":"2026-01-16T07:18:51.514-05:00","eventName":"n8n.runner.task.requested","message":"n8n.runner.task.requested","payload":{"taskId":"wk33A8ov","nodeId":"ea973967-2f13-4fc8-a905-bb1bfb692c47","workflowId":"1QfFKeKPeALCB1uuEfz7u","executionId":"83"}}
{"__type":"$$EventMessageConfirm","confirm":"f9ac64d1-aa2a-4101-8e10-4ebbc70b9711","ts":"2026-01-16T07:18:51.514-05:00","source":{"id":"0","name":"eventBus"}}
{"__type":"$$EventMessageRunner","id":"c5d5d574-7e24-4edf-ad60-ebeed46a923a","ts":"2026-01-16T07:18:51.527-05:00","eventName":"n8n.runner.response.received","message":"n8n.runner.response.received","payload":{"taskId":"wk33A8ov","nodeId":"ea973967-2f13-4fc8-a905-bb1bfb692c47","workflowId":"1QfFKeKPeALCB1uuEfz7u","executionId":"83"}}
{"__type":"$$EventMessageConfirm","confirm":"c5d5d574-7e24-4edf-ad60-ebeed46a923a","ts":"2026-01-16T07:18:51.528-05:00","source":{"id":"0","name":"eventBus"}}
{"__type":"$$EventMessageNode","id":"92edd12e-85df-41c3-bcfc-65da915de196","ts":"2026-01-16T07:18:51.528-05:00","eventName":"n8n.node.finished","message":"n8n.node.finished","payload":{"workflowId":"1QfFKeKPeALCB1uuEfz7u","workflowName":"My workflow","executionId":"83","nodeType":"n8n-nodes-base.code","nodeName":"Code in JavaScript","nodeId":"ea973967-2f13-4fc8-a905-bb1bfb692c47"}}
{"__type":"$$EventMessageConfirm","confirm":"92edd12e-85df-41c3-bcfc-65da915de196","ts":"2026-01-16T07:18:51.528-05:00","source":{"id":"0","name":"eventBus"}}
{"__type":"$$EventMessageWorkflow","id":"2a0251ef-5ab2-43bd-a0a7-9a3df963c22a","ts":"2026-01-16T07:18:51.532-05:00","eventName":"n8n.workflow.success","message":"n8n.workflow.success","payload":{"userId":"592f0f2c-8979-4df5-bc32-f4084e3785ed","executionId":"83","success":true,"isManual":true,"workflowId":"1QfFKeKPeALCB1uuEfz7u","workflowName":"My workflow"}}
{"__type":"$$EventMessageConfirm","confirm":"2a0251ef-5ab2-43bd-a0a7-9a3df963c22a","ts":"2026-01-16T07:18:51.532-05:00","source":{"id":"0","name":"eventBus"}}
{"__type":"$$EventMessageWorkflow","id":"92d9e99f-cdd0-4c44-ad06-d1b81875ccb6","ts":"2026-01-16T07:19:13.367-05:00","eventName":"n8n.workflow.started","message":"n8n.workflow.started","payload":{"executionId":"84","workflowId":"1QfFKeKPeALCB1uuEfz7u","isManual":false,"workflowName":"My workflow"}}
{"__type":"$$EventMessageConfirm","confirm":"92d9e99f-cdd0-4c44-ad06-d1b81875ccb6","ts":"2026-01-16T07:19:13.367-05:00","source":{"id":"0","name":"eventBus"}}
{"__type":"$$EventMessageNode","id":"65e3de46-fb2c-4428-8a9f-7bbce608426a","ts":"2026-01-16T07:19:13.369-05:00","eventName":"n8n.node.started","message":"n8n.node.started","payload":{"workflowId":"1QfFKeKPeALCB1uuEfz7u","workflowName":"My workflow","executionId":"84","nodeType":"n8n-nodes-base.httpRequest","nodeName":"HTTP Request","nodeId":"afb4bf52-4025-4bce-a1ef-46790ecf669c"}}
{"__type":"$$EventMessageConfirm","confirm":"65e3de46-fb2c-4428-8a9f-7bbce608426a","ts":"2026-01-16T07:19:13.369-05:00","source":{"id":"0","name":"eventBus"}}
{"__type":"$$EventMessageNode","id":"83f48507-5d18-4cf4-999d-78d998765ee9","ts":"2026-01-16T07:19:34.774-05:00","eventName":"n8n.node.finished","message":"n8n.node.finished","payload":{"workflowId":"1QfFKeKPeALCB1uuEfz7u","workflowName":"My workflow","executionId":"84","nodeType":"n8n-nodes-base.httpRequest","nodeName":"HTTP Request","nodeId":"afb4bf52-4025-4bce-a1ef-46790ecf669c"}}
{"__type":"$$EventMessageConfirm","confirm":"83f48507-5d18-4cf4-999d-78d998765ee9","ts":"2026-01-16T07:19:34.774-05:00","source":{"id":"0","name":"eventBus"}}
{"__type":"$$EventMessageWorkflow","id":"a114cc6b-5759-4921-b6ba-c1062a28a9be","ts":"2026-01-16T07:19:34.778-05:00","eventName":"n8n.workflow.success","message":"n8n.workflow.success","payload":{"userId":"592f0f2c-8979-4df5-bc32-f4084e3785ed","executionId":"84","success":true,"isManual":true,"workflowId":"1QfFKeKPeALCB1uuEfz7u","workflowName":"My workflow"}}
{"__type":"$$EventMessageConfirm","confirm":"a114cc6b-5759-4921-b6ba-c1062a28a9be","ts":"2026-01-16T07:19:34.778-05:00","source":{"id":"0","name":"eventBus"}}
{"__type":"$$EventMessageWorkflow","id":"dad40902-9db6-4a8b-8317-06e0796a0a0f","ts":"2026-01-16T07:19:36.720-05:00","eventName":"n8n.workflow.started","message":"n8n.workflow.started","payload":{"executionId":"85","workflowId":"1QfFKeKPeALCB1uuEfz7u","isManual":false,"workflowName":"My workflow"}}
{"__type":"$$EventMessageConfirm","confirm":"dad40902-9db6-4a8b-8317-06e0796a0a0f","ts":"2026-01-16T07:19:36.720-05:00","source":{"id":"0","name":"eventBus"}}
{"__type":"$$EventMessageNode","id":"34433d63-83a2-4d41-bda3-6a76ad08f64b","ts":"2026-01-16T07:19:36.721-05:00","eventName":"n8n.node.started","message":"n8n.node.started","payload":{"workflowId":"1QfFKeKPeALCB1uuEfz7u","workflowName":"My workflow","executionId":"85","nodeType":"n8n-nodes-base.scheduleTrigger","nodeName":"Schedule Trigger","nodeId":"a5e7a3f7-a563-4331-a833-070582038030"}}
{"__type":"$$EventMessageConfirm","confirm":"34433d63-83a2-4d41-bda3-6a76ad08f64b","ts":"2026-01-16T07:19:36.722-05:00","source":{"id":"0","name":"eventBus"}}
{"__type":"$$EventMessageNode","id":"68ae0877-0515-49e5-abe3-5da8bda0f4a7","ts":"2026-01-16T07:19:36.723-05:00","eventName":"n8n.node.finished","message":"n8n.node.finished","payload":{"workflowId":"1QfFKeKPeALCB1uuEfz7u","workflowName":"My workflow","executionId":"85","nodeType":"n8n-nodes-base.scheduleTrigger","nodeName":"Schedule Trigger","nodeId":"a5e7a3f7-a563-4331-a833-070582038030"}}
{"__type":"$$EventMessageConfirm","confirm":"68ae0877-0515-49e5-abe3-5da8bda0f4a7","ts":"2026-01-16T07:19:36.724-05:00","source":{"id":"0","name":"eventBus"}}
{"__type":"$$EventMessageNode","id":"3b7ea7c6-5816-4d36-8837-8925e9766868","ts":"2026-01-16T07:19:36.724-05:00","eventName":"n8n.node.started","message":"n8n.node.started","payload":{"workflowId":"1QfFKeKPeALCB1uuEfz7u","workflowName":"My workflow","executionId":"85","nodeType":"n8n-nodes-base.readWriteFile","nodeName":"Read/Write Files from Disk","nodeId":"80ef32fb-b259-4652-9f45-d1f26fbbf5f0"}}
{"__type":"$$EventMessageConfirm","confirm":"3b7ea7c6-5816-4d36-8837-8925e9766868","ts":"2026-01-16T07:19:36.725-05:00","source":{"id":"0","name":"eventBus"}}
{"__type":"$$EventMessageNode","id":"a9b49b5a-5b1e-409e-ba27-b0409d294e2e","ts":"2026-01-16T07:19:36.730-05:00","eventName":"n8n.node.finished","message":"n8n.node.finished","payload":{"workflowId":"1QfFKeKPeALCB1uuEfz7u","workflowName":"My workflow","executionId":"85","nodeType":"n8n-nodes-base.readWriteFile","nodeName":"Read/Write Files from Disk","nodeId":"80ef32fb-b259-4652-9f45-d1f26fbbf5f0"}}
{"__type":"$$EventMessageConfirm","confirm":"a9b49b5a-5b1e-409e-ba27-b0409d294e2e","ts":"2026-01-16T07:19:36.730-05:00","source":{"id":"0","name":"eventBus"}}
{"__type":"$$EventMessageNode","id":"d7aa79a6-17af-4239-bb02-ba860c9b32d1","ts":"2026-01-16T07:19:36.731-05:00","eventName":"n8n.node.started","message":"n8n.node.started","payload":{"workflowId":"1QfFKeKPeALCB1uuEfz7u","workflowName":"My workflow","executionId":"85","nodeType":"n8n-nodes-base.code","nodeName":"Code in JavaScript","nodeId":"ea973967-2f13-4fc8-a905-bb1bfb692c47"}}
{"__type":"$$EventMessageConfirm","confirm":"d7aa79a6-17af-4239-bb02-ba860c9b32d1","ts":"2026-01-16T07:19:36.731-05:00","source":{"id":"0","name":"eventBus"}}
{"__type":"$$EventMessageRunner","id":"8d64f5a0-edf7-44db-8f82-23ae23749411","ts":"2026-01-16T07:19:36.733-05:00","eventName":"n8n.runner.task.requested","message":"n8n.runner.task.requested","payload":{"taskId":"nhHgJ_el","nodeId":"ea973967-2f13-4fc8-a905-bb1bfb692c47","workflowId":"1QfFKeKPeALCB1uuEfz7u","executionId":"85"}}
{"__type":"$$EventMessageConfirm","confirm":"8d64f5a0-edf7-44db-8f82-23ae23749411","ts":"2026-01-16T07:19:36.733-05:00","source":{"id":"0","name":"eventBus"}}
{"__type":"$$EventMessageRunner","id":"0f221f47-f21e-4d1b-826b-484a2866f843","ts":"2026-01-16T07:19:36.743-05:00","eventName":"n8n.runner.response.received","message":"n8n.runner.response.received","payload":{"taskId":"nhHgJ_el","nodeId":"ea973967-2f13-4fc8-a905-bb1bfb692c47","workflowId":"1QfFKeKPeALCB1uuEfz7u","executionId":"85"}}
{"__type":"$$EventMessageConfirm","confirm":"0f221f47-f21e-4d1b-826b-484a2866f843","ts":"2026-01-16T07:19:36.744-05:00","source":{"id":"0","name":"eventBus"}}
{"__type":"$$EventMessageNode","id":"f71b8e4c-e80f-41d3-9161-ae7d84cbe999","ts":"2026-01-16T07:19:36.744-05:00","eventName":"n8n.node.finished","message":"n8n.node.finished","payload":{"workflowId":"1QfFKeKPeALCB1uuEfz7u","workflowName":"My workflow","executionId":"85","nodeType":"n8n-nodes-base.code","nodeName":"Code in JavaScript","nodeId":"ea973967-2f13-4fc8-a905-bb1bfb692c47"}}
{"__type":"$$EventMessageConfirm","confirm":"f71b8e4c-e80f-41d3-9161-ae7d84cbe999","ts":"2026-01-16T07:19:36.744-05:00","source":{"id":"0","name":"eventBus"}}
{"__type":"$$EventMessageNode","id":"7a8973ea-d942-4f5c-a4e4-d7c1bc9f9ee6","ts":"2026-01-16T07:19:36.746-05:00","eventName":"n8n.node.started","message":"n8n.node.started","payload":{"workflowId":"1QfFKeKPeALCB1uuEfz7u","workflowName":"My workflow","executionId":"85","nodeType":"n8n-nodes-base.httpRequest","nodeName":"HTTP Request","nodeId":"afb4bf52-4025-4bce-a1ef-46790ecf669c"}}
{"__type":"$$EventMessageConfirm","confirm":"7a8973ea-d942-4f5c-a4e4-d7c1bc9f9ee6","ts":"2026-01-16T07:19:36.746-05:00","source":{"id":"0","name":"eventBus"}}
{"__type":"$$EventMessageNode","id":"bb5c92fc-db5b-4c92-9ebc-ec0f01abcb6a","ts":"2026-01-16T07:19:53.938-05:00","eventName":"n8n.node.finished","message":"n8n.node.finished","payload":{"workflowId":"1QfFKeKPeALCB1uuEfz7u","workflowName":"My workflow","executionId":"85","nodeType":"n8n-nodes-base.httpRequest","nodeName":"HTTP Request","nodeId":"afb4bf52-4025-4bce-a1ef-46790ecf669c"}}
{"__type":"$$EventMessageConfirm","confirm":"bb5c92fc-db5b-4c92-9ebc-ec0f01abcb6a","ts":"2026-01-16T07:19:53.938-05:00","source":{"id":"0","name":"eventBus"}}
{"__type":"$$EventMessageNode","id":"9f7ca978-2a48-4c38-9877-abf3cc07f264","ts":"2026-01-16T07:19:53.939-05:00","eventName":"n8n.node.started","message":"n8n.node.started","payload":{"workflowId":"1QfFKeKPeALCB1uuEfz7u","workflowName":"My workflow","executionId":"85","nodeType":"n8n-nodes-base.httpRequest","nodeName":"HTTP Request1","nodeId":"4db89bb5-05fe-44ed-a807-5b1054710232"}}
{"__type":"$$EventMessageConfirm","confirm":"9f7ca978-2a48-4c38-9877-abf3cc07f264","ts":"2026-01-16T07:19:53.939-05:00","source":{"id":"0","name":"eventBus"}}
{"__type":"$$EventMessageNode","id":"17ae770d-a2ad-498f-ac15-a3617f0bc1c5","ts":"2026-01-16T07:19:54.466-05:00","eventName":"n8n.node.finished","message":"n8n.node.finished","payload":{"workflowId":"1QfFKeKPeALCB1uuEfz7u","workflowName":"My workflow","executionId":"85","nodeType":"n8n-nodes-base.httpRequest","nodeName":"HTTP Request1","nodeId":"4db89bb5-05fe-44ed-a807-5b1054710232"}}
{"__type":"$$EventMessageConfirm","confirm":"17ae770d-a2ad-498f-ac15-a3617f0bc1c5","ts":"2026-01-16T07:19:54.467-05:00","source":{"id":"0","name":"eventBus"}}
{"__type":"$$EventMessageWorkflow","id":"5d70f3f4-78ed-4013-8d3d-8afc4c31d578","ts":"2026-01-16T07:19:54.469-05:00","eventName":"n8n.workflow.success","message":"n8n.workflow.success","payload":{"userId":"592f0f2c-8979-4df5-bc32-f4084e3785ed","executionId":"85","success":true,"isManual":true,"workflowId":"1QfFKeKPeALCB1uuEfz7u","workflowName":"My workflow"}}
{"__type":"$$EventMessageConfirm","confirm":"5d70f3f4-78ed-4013-8d3d-8afc4c31d578","ts":"2026-01-16T07:19:54.469-05:00","source":{"id":"0","name":"eventBus"}}
{"__type":"$$EventMessageWorkflow","id":"fe63e4be-12b1-4d0f-8246-f294345ad658","ts":"2026-01-16T07:31:24.202-05:00","eventName":"n8n.workflow.started","message":"n8n.workflow.started","payload":{"executionId":"86","workflowId":"1QfFKeKPeALCB1uuEfz7u","isManual":false,"workflowName":"My workflow"}}
{"__type":"$$EventMessageConfirm","confirm":"fe63e4be-12b1-4d0f-8246-f294345ad658","ts":"2026-01-16T07:31:24.203-05:00","source":{"id":"0","name":"eventBus"}}
{"__type":"$$EventMessageNode","id":"428ba7aa-48b9-4345-9658-212b5387f2c4","ts":"2026-01-16T07:31:24.204-05:00","eventName":"n8n.node.started","message":"n8n.node.started","payload":{"workflowId":"1QfFKeKPeALCB1uuEfz7u","workflowName":"My workflow","executionId":"86","nodeType":"n8n-nodes-base.scheduleTrigger","nodeName":"Schedule Trigger1","nodeId":"b7b594a6-73cb-4291-9098-8bd86730b201"}}
{"__type":"$$EventMessageConfirm","confirm":"428ba7aa-48b9-4345-9658-212b5387f2c4","ts":"2026-01-16T07:31:24.204-05:00","source":{"id":"0","name":"eventBus"}}
{"__type":"$$EventMessageNode","id":"45c36466-3240-4f3e-9cd7-8947a7b605e5","ts":"2026-01-16T07:31:24.205-05:00","eventName":"n8n.node.finished","message":"n8n.node.finished","payload":{"workflowId":"1QfFKeKPeALCB1uuEfz7u","workflowName":"My workflow","executionId":"86","nodeType":"n8n-nodes-base.scheduleTrigger","nodeName":"Schedule Trigger1","nodeId":"b7b594a6-73cb-4291-9098-8bd86730b201"}}
{"__type":"$$EventMessageConfirm","confirm":"45c36466-3240-4f3e-9cd7-8947a7b605e5","ts":"2026-01-16T07:31:24.205-05:00","source":{"id":"0","name":"eventBus"}}
{"__type":"$$EventMessageWorkflow","id":"4a647a87-4edb-4d90-82a9-f7eb454652da","ts":"2026-01-16T07:31:24.208-05:00","eventName":"n8n.workflow.success","message":"n8n.workflow.success","payload":{"userId":"592f0f2c-8979-4df5-bc32-f4084e3785ed","executionId":"86","success":true,"isManual":true,"workflowId":"1QfFKeKPeALCB1uuEfz7u","workflowName":"My workflow"}}
{"__type":"$$EventMessageConfirm","confirm":"4a647a87-4edb-4d90-82a9-f7eb454652da","ts":"2026-01-16T07:31:24.208-05:00","source":{"id":"0","name":"eventBus"}}
{"__type":"$$EventMessageAudit","id":"0aec8242-f9ac-44cc-a0c6-cb795b25aac3","ts":"2026-01-16T07:31:31.141-05:00","eventName":"n8n.audit.workflow.updated","message":"n8n.audit.workflow.updated","payload":{"userId":"592f0f2c-8979-4df5-bc32-f4084e3785ed","_email":"lkf1234567i@gmail.com","_firstName":"Kaifeng","_lastName":"Li","globalRole":"global:owner","workflowId":"1QfFKeKPeALCB1uuEfz7u","workflowName":"My workflow"}}
{"__type":"$$EventMessageConfirm","confirm":"0aec8242-f9ac-44cc-a0c6-cb795b25aac3","ts":"2026-01-16T07:31:31.142-05:00","source":{"id":"0","name":"eventBus"}}
{"__type":"$$EventMessageWorkflow","id":"d048c5e4-2927-468e-82d8-d6b86c513163","ts":"2026-01-16T07:34:11.254-05:00","eventName":"n8n.workflow.started","message":"n8n.workflow.started","payload":{"executionId":"87","workflowId":"1QfFKeKPeALCB1uuEfz7u","isManual":false,"workflowName":"My workflow"}}
{"__type":"$$EventMessageConfirm","confirm":"d048c5e4-2927-468e-82d8-d6b86c513163","ts":"2026-01-16T07:34:11.254-05:00","source":{"id":"0","name":"eventBus"}}
{"__type":"$$EventMessageNode","id":"743bdab2-b067-4b6c-82fe-4316d2fc0f61","ts":"2026-01-16T07:34:11.256-05:00","eventName":"n8n.node.started","message":"n8n.node.started","payload":{"workflowId":"1QfFKeKPeALCB1uuEfz7u","workflowName":"My workflow","executionId":"87","nodeType":"n8n-nodes-base.scheduleTrigger","nodeName":"Schedule Trigger1","nodeId":"b7b594a6-73cb-4291-9098-8bd86730b201"}}
{"__type":"$$EventMessageConfirm","confirm":"743bdab2-b067-4b6c-82fe-4316d2fc0f61","ts":"2026-01-16T07:34:11.256-05:00","source":{"id":"0","name":"eventBus"}}
{"__type":"$$EventMessageNode","id":"a14122fa-4897-45c5-9756-a966adb9304b","ts":"2026-01-16T07:34:11.257-05:00","eventName":"n8n.node.finished","message":"n8n.node.finished","payload":{"workflowId":"1QfFKeKPeALCB1uuEfz7u","workflowName":"My workflow","executionId":"87","nodeType":"n8n-nodes-base.scheduleTrigger","nodeName":"Schedule Trigger1","nodeId":"b7b594a6-73cb-4291-9098-8bd86730b201"}}
{"__type":"$$EventMessageConfirm","confirm":"a14122fa-4897-45c5-9756-a966adb9304b","ts":"2026-01-16T07:34:11.257-05:00","source":{"id":"0","name":"eventBus"}}
{"__type":"$$EventMessageNode","id":"709c8790-790e-40b2-9672-ae93e6d56ae9","ts":"2026-01-16T07:34:11.258-05:00","eventName":"n8n.node.started","message":"n8n.node.started","payload":{"workflowId":"1QfFKeKPeALCB1uuEfz7u","workflowName":"My workflow","executionId":"87","nodeType":"n8n-nodes-base.readWriteFile","nodeName":"Read/Write Files from Disk","nodeId":"80ef32fb-b259-4652-9f45-d1f26fbbf5f0"}}
{"__type":"$$EventMessageConfirm","confirm":"709c8790-790e-40b2-9672-ae93e6d56ae9","ts":"2026-01-16T07:34:11.258-05:00","source":{"id":"0","name":"eventBus"}}
{"__type":"$$EventMessageNode","id":"607041a3-0f1d-4a5e-993e-fbea39005050","ts":"2026-01-16T07:34:11.265-05:00","eventName":"n8n.node.finished","message":"n8n.node.finished","payload":{"workflowId":"1QfFKeKPeALCB1uuEfz7u","workflowName":"My workflow","executionId":"87","nodeType":"n8n-nodes-base.readWriteFile","nodeName":"Read/Write Files from Disk","nodeId":"80ef32fb-b259-4652-9f45-d1f26fbbf5f0"}}
{"__type":"$$EventMessageConfirm","confirm":"607041a3-0f1d-4a5e-993e-fbea39005050","ts":"2026-01-16T07:34:11.265-05:00","source":{"id":"0","name":"eventBus"}}
{"__type":"$$EventMessageNode","id":"3288187f-6320-448f-9beb-c396812f1c16","ts":"2026-01-16T07:34:11.265-05:00","eventName":"n8n.node.started","message":"n8n.node.started","payload":{"workflowId":"1QfFKeKPeALCB1uuEfz7u","workflowName":"My workflow","executionId":"87","nodeType":"n8n-nodes-base.code","nodeName":"Code in JavaScript","nodeId":"ea973967-2f13-4fc8-a905-bb1bfb692c47"}}
{"__type":"$$EventMessageConfirm","confirm":"3288187f-6320-448f-9beb-c396812f1c16","ts":"2026-01-16T07:34:11.266-05:00","source":{"id":"0","name":"eventBus"}}
{"__type":"$$EventMessageRunner","id":"d379b780-6e55-4d91-b6bb-312f1fbdd5eb","ts":"2026-01-16T07:34:11.267-05:00","eventName":"n8n.runner.task.requested","message":"n8n.runner.task.requested","payload":{"taskId":"yZdc6vEr","nodeId":"ea973967-2f13-4fc8-a905-bb1bfb692c47","workflowId":"1QfFKeKPeALCB1uuEfz7u","executionId":"87"}}
{"__type":"$$EventMessageConfirm","confirm":"d379b780-6e55-4d91-b6bb-312f1fbdd5eb","ts":"2026-01-16T07:34:11.268-05:00","source":{"id":"0","name":"eventBus"}}
{"__type":"$$EventMessageRunner","id":"7b8e45e9-8758-4d1f-895e-7348e5aef6ea","ts":"2026-01-16T07:34:11.286-05:00","eventName":"n8n.runner.response.received","message":"n8n.runner.response.received","payload":{"taskId":"yZdc6vEr","nodeId":"ea973967-2f13-4fc8-a905-bb1bfb692c47","workflowId":"1QfFKeKPeALCB1uuEfz7u","executionId":"87"}}
{"__type":"$$EventMessageConfirm","confirm":"7b8e45e9-8758-4d1f-895e-7348e5aef6ea","ts":"2026-01-16T07:34:11.286-05:00","source":{"id":"0","name":"eventBus"}}
{"__type":"$$EventMessageNode","id":"4edbaf72-42d2-4148-9130-7896760e2384","ts":"2026-01-16T07:34:11.287-05:00","eventName":"n8n.node.finished","message":"n8n.node.finished","payload":{"workflowId":"1QfFKeKPeALCB1uuEfz7u","workflowName":"My workflow","executionId":"87","nodeType":"n8n-nodes-base.code","nodeName":"Code in JavaScript","nodeId":"ea973967-2f13-4fc8-a905-bb1bfb692c47"}}
{"__type":"$$EventMessageConfirm","confirm":"4edbaf72-42d2-4148-9130-7896760e2384","ts":"2026-01-16T07:34:11.287-05:00","source":{"id":"0","name":"eventBus"}}
{"__type":"$$EventMessageNode","id":"a4e2514a-1b7c-4a98-9ce9-a205262e22d5","ts":"2026-01-16T07:34:11.288-05:00","eventName":"n8n.node.started","message":"n8n.node.started","payload":{"workflowId":"1QfFKeKPeALCB1uuEfz7u","workflowName":"My workflow","executionId":"87","nodeType":"n8n-nodes-base.httpRequest","nodeName":"HTTP Request","nodeId":"afb4bf52-4025-4bce-a1ef-46790ecf669c"}}
{"__type":"$$EventMessageConfirm","confirm":"a4e2514a-1b7c-4a98-9ce9-a205262e22d5","ts":"2026-01-16T07:34:11.289-05:00","source":{"id":"0","name":"eventBus"}}
{"__type":"$$EventMessageNode","id":"c98b49e4-533a-40b2-aabc-bc4358bdfc9c","ts":"2026-01-16T07:34:47.596-05:00","eventName":"n8n.node.finished","message":"n8n.node.finished","payload":{"workflowId":"1QfFKeKPeALCB1uuEfz7u","workflowName":"My workflow","executionId":"87","nodeType":"n8n-nodes-base.httpRequest","nodeName":"HTTP Request","nodeId":"afb4bf52-4025-4bce-a1ef-46790ecf669c"}}
{"__type":"$$EventMessageConfirm","confirm":"c98b49e4-533a-40b2-aabc-bc4358bdfc9c","ts":"2026-01-16T07:34:47.597-05:00","source":{"id":"0","name":"eventBus"}}
{"__type":"$$EventMessageNode","id":"887e0bca-7f78-4fd2-a1d3-649630ca1b17","ts":"2026-01-16T07:34:47.597-05:00","eventName":"n8n.node.started","message":"n8n.node.started","payload":{"workflowId":"1QfFKeKPeALCB1uuEfz7u","workflowName":"My workflow","executionId":"87","nodeType":"n8n-nodes-base.httpRequest","nodeName":"HTTP Request1","nodeId":"4db89bb5-05fe-44ed-a807-5b1054710232"}}
{"__type":"$$EventMessageConfirm","confirm":"887e0bca-7f78-4fd2-a1d3-649630ca1b17","ts":"2026-01-16T07:34:47.598-05:00","source":{"id":"0","name":"eventBus"}}
{"__type":"$$EventMessageNode","id":"4e4b5bd4-b1ca-4a09-bf3e-0d984bc7fb03","ts":"2026-01-16T07:34:48.364-05:00","eventName":"n8n.node.finished","message":"n8n.node.finished","payload":{"workflowId":"1QfFKeKPeALCB1uuEfz7u","workflowName":"My workflow","executionId":"87","nodeType":"n8n-nodes-base.httpRequest","nodeName":"HTTP Request1","nodeId":"4db89bb5-05fe-44ed-a807-5b1054710232"}}
{"__type":"$$EventMessageConfirm","confirm":"4e4b5bd4-b1ca-4a09-bf3e-0d984bc7fb03","ts":"2026-01-16T07:34:48.365-05:00","source":{"id":"0","name":"eventBus"}}
{"__type":"$$EventMessageWorkflow","id":"22ab301b-8d9b-4447-9e0f-94cdc23497f8","ts":"2026-01-16T07:34:48.367-05:00","eventName":"n8n.workflow.success","message":"n8n.workflow.success","payload":{"userId":"592f0f2c-8979-4df5-bc32-f4084e3785ed","executionId":"87","success":true,"isManual":true,"workflowId":"1QfFKeKPeALCB1uuEfz7u","workflowName":"My workflow"}}
{"__type":"$$EventMessageConfirm","confirm":"22ab301b-8d9b-4447-9e0f-94cdc23497f8","ts":"2026-01-16T07:34:48.368-05:00","source":{"id":"0","name":"eventBus"}}
{"__type":"$$EventMessageWorkflow","id":"293e222d-36ff-432f-9328-a9cc577a4c2b","ts":"2026-01-16T07:41:16.183-05:00","eventName":"n8n.workflow.started","message":"n8n.workflow.started","payload":{"executionId":"88","workflowId":"1QfFKeKPeALCB1uuEfz7u","isManual":false,"workflowName":"My workflow"}}
{"__type":"$$EventMessageConfirm","confirm":"293e222d-36ff-432f-9328-a9cc577a4c2b","ts":"2026-01-16T07:41:16.183-05:00","source":{"id":"0","name":"eventBus"}}
{"__type":"$$EventMessageNode","id":"9bab125a-ff5c-4164-b400-8202c37ea963","ts":"2026-01-16T07:41:16.185-05:00","eventName":"n8n.node.started","message":"n8n.node.started","payload":{"workflowId":"1QfFKeKPeALCB1uuEfz7u","workflowName":"My workflow","executionId":"88","nodeType":"n8n-nodes-base.code","nodeName":"Code in JavaScript","nodeId":"ea973967-2f13-4fc8-a905-bb1bfb692c47"}}
{"__type":"$$EventMessageConfirm","confirm":"9bab125a-ff5c-4164-b400-8202c37ea963","ts":"2026-01-16T07:41:16.185-05:00","source":{"id":"0","name":"eventBus"}}
{"__type":"$$EventMessageRunner","id":"327f6f53-5b0c-45e9-b768-9782dfcd680f","ts":"2026-01-16T07:41:16.186-05:00","eventName":"n8n.runner.task.requested","message":"n8n.runner.task.requested","payload":{"taskId":"bDBrYB9Y","nodeId":"ea973967-2f13-4fc8-a905-bb1bfb692c47","workflowId":"1QfFKeKPeALCB1uuEfz7u","executionId":"88"}}
{"__type":"$$EventMessageConfirm","confirm":"327f6f53-5b0c-45e9-b768-9782dfcd680f","ts":"2026-01-16T07:41:16.187-05:00","source":{"id":"0","name":"eventBus"}}
{"__type":"$$EventMessageRunner","id":"b45155fb-994e-4d16-b5c3-0dba7ff3e065","ts":"2026-01-16T07:41:16.199-05:00","eventName":"n8n.runner.response.received","message":"n8n.runner.response.received","payload":{"taskId":"bDBrYB9Y","nodeId":"ea973967-2f13-4fc8-a905-bb1bfb692c47","workflowId":"1QfFKeKPeALCB1uuEfz7u","executionId":"88"}}
{"__type":"$$EventMessageConfirm","confirm":"b45155fb-994e-4d16-b5c3-0dba7ff3e065","ts":"2026-01-16T07:41:16.200-05:00","source":{"id":"0","name":"eventBus"}}
{"__type":"$$EventMessageNode","id":"3e5f8b00-7638-41af-a776-3acde2c0ec24","ts":"2026-01-16T07:41:16.200-05:00","eventName":"n8n.node.finished","message":"n8n.node.finished","payload":{"workflowId":"1QfFKeKPeALCB1uuEfz7u","workflowName":"My workflow","executionId":"88","nodeType":"n8n-nodes-base.code","nodeName":"Code in JavaScript","nodeId":"ea973967-2f13-4fc8-a905-bb1bfb692c47"}}
{"__type":"$$EventMessageConfirm","confirm":"3e5f8b00-7638-41af-a776-3acde2c0ec24","ts":"2026-01-16T07:41:16.200-05:00","source":{"id":"0","name":"eventBus"}}
{"__type":"$$EventMessageWorkflow","id":"2e16aa5b-a2e3-4191-9962-903b98ef6d4a","ts":"2026-01-16T07:41:16.204-05:00","eventName":"n8n.workflow.success","message":"n8n.workflow.success","payload":{"userId":"592f0f2c-8979-4df5-bc32-f4084e3785ed","executionId":"88","success":true,"isManual":true,"workflowId":"1QfFKeKPeALCB1uuEfz7u","workflowName":"My workflow"}}
{"__type":"$$EventMessageConfirm","confirm":"2e16aa5b-a2e3-4191-9962-903b98ef6d4a","ts":"2026-01-16T07:41:16.205-05:00","source":{"id":"0","name":"eventBus"}}
{"__type":"$$EventMessageWorkflow","id":"17110ef7-45f6-4b87-aa38-544aeb9cfe60","ts":"2026-01-16T07:41:18.904-05:00","eventName":"n8n.workflow.started","message":"n8n.workflow.started","payload":{"executionId":"89","workflowId":"1QfFKeKPeALCB1uuEfz7u","isManual":false,"workflowName":"My workflow"}}
{"__type":"$$EventMessageConfirm","confirm":"17110ef7-45f6-4b87-aa38-544aeb9cfe60","ts":"2026-01-16T07:41:18.905-05:00","source":{"id":"0","name":"eventBus"}}
{"__type":"$$EventMessageNode","id":"33b55f8e-8ee2-4bd9-8c41-201478ce0924","ts":"2026-01-16T07:41:18.906-05:00","eventName":"n8n.node.started","message":"n8n.node.started","payload":{"workflowId":"1QfFKeKPeALCB1uuEfz7u","workflowName":"My workflow","executionId":"89","nodeType":"n8n-nodes-base.scheduleTrigger","nodeName":"Schedule Trigger1","nodeId":"b7b594a6-73cb-4291-9098-8bd86730b201"}}
{"__type":"$$EventMessageConfirm","confirm":"33b55f8e-8ee2-4bd9-8c41-201478ce0924","ts":"2026-01-16T07:41:18.906-05:00","source":{"id":"0","name":"eventBus"}}
{"__type":"$$EventMessageNode","id":"30fc73db-e1f6-454a-8c6d-1077e1a91402","ts":"2026-01-16T07:41:18.907-05:00","eventName":"n8n.node.finished","message":"n8n.node.finished","payload":{"workflowId":"1QfFKeKPeALCB1uuEfz7u","workflowName":"My workflow","executionId":"89","nodeType":"n8n-nodes-base.scheduleTrigger","nodeName":"Schedule Trigger1","nodeId":"b7b594a6-73cb-4291-9098-8bd86730b201"}}
{"__type":"$$EventMessageConfirm","confirm":"30fc73db-e1f6-454a-8c6d-1077e1a91402","ts":"2026-01-16T07:41:18.908-05:00","source":{"id":"0","name":"eventBus"}}
{"__type":"$$EventMessageNode","id":"50e832f7-bb62-47b4-b765-2a624eb0b88a","ts":"2026-01-16T07:41:18.908-05:00","eventName":"n8n.node.started","message":"n8n.node.started","payload":{"workflowId":"1QfFKeKPeALCB1uuEfz7u","workflowName":"My workflow","executionId":"89","nodeType":"n8n-nodes-base.readWriteFile","nodeName":"Read/Write Files from Disk","nodeId":"80ef32fb-b259-4652-9f45-d1f26fbbf5f0"}}
{"__type":"$$EventMessageConfirm","confirm":"50e832f7-bb62-47b4-b765-2a624eb0b88a","ts":"2026-01-16T07:41:18.908-05:00","source":{"id":"0","name":"eventBus"}}
{"__type":"$$EventMessageNode","id":"03c6bc50-50c5-4d66-b15e-c825c59caa84","ts":"2026-01-16T07:41:18.913-05:00","eventName":"n8n.node.finished","message":"n8n.node.finished","payload":{"workflowId":"1QfFKeKPeALCB1uuEfz7u","workflowName":"My workflow","executionId":"89","nodeType":"n8n-nodes-base.readWriteFile","nodeName":"Read/Write Files from Disk","nodeId":"80ef32fb-b259-4652-9f45-d1f26fbbf5f0"}}
{"__type":"$$EventMessageConfirm","confirm":"03c6bc50-50c5-4d66-b15e-c825c59caa84","ts":"2026-01-16T07:41:18.914-05:00","source":{"id":"0","name":"eventBus"}}
{"__type":"$$EventMessageNode","id":"4eb3ade4-1a5b-49f5-a152-9358d7434503","ts":"2026-01-16T07:41:18.915-05:00","eventName":"n8n.node.started","message":"n8n.node.started","payload":{"workflowId":"1QfFKeKPeALCB1uuEfz7u","workflowName":"My workflow","executionId":"89","nodeType":"n8n-nodes-base.code","nodeName":"Code in JavaScript","nodeId":"ea973967-2f13-4fc8-a905-bb1bfb692c47"}}
{"__type":"$$EventMessageConfirm","confirm":"4eb3ade4-1a5b-49f5-a152-9358d7434503","ts":"2026-01-16T07:41:18.915-05:00","source":{"id":"0","name":"eventBus"}}
{"__type":"$$EventMessageRunner","id":"952bad99-9f0b-4695-9764-46a5d291d6cd","ts":"2026-01-16T07:41:18.917-05:00","eventName":"n8n.runner.task.requested","message":"n8n.runner.task.requested","payload":{"taskId":"C6NX1MLY","nodeId":"ea973967-2f13-4fc8-a905-bb1bfb692c47","workflowId":"1QfFKeKPeALCB1uuEfz7u","executionId":"89"}}
{"__type":"$$EventMessageConfirm","confirm":"952bad99-9f0b-4695-9764-46a5d291d6cd","ts":"2026-01-16T07:41:18.917-05:00","source":{"id":"0","name":"eventBus"}}
{"__type":"$$EventMessageRunner","id":"9554eb6b-4fe1-44a4-a8f5-b8c96ddfbb6c","ts":"2026-01-16T07:41:18.932-05:00","eventName":"n8n.runner.response.received","message":"n8n.runner.response.received","payload":{"taskId":"C6NX1MLY","nodeId":"ea973967-2f13-4fc8-a905-bb1bfb692c47","workflowId":"1QfFKeKPeALCB1uuEfz7u","executionId":"89"}}
{"__type":"$$EventMessageConfirm","confirm":"9554eb6b-4fe1-44a4-a8f5-b8c96ddfbb6c","ts":"2026-01-16T07:41:18.932-05:00","source":{"id":"0","name":"eventBus"}}
{"__type":"$$EventMessageNode","id":"7459cd59-c722-4713-9080-f21905f9c923","ts":"2026-01-16T07:41:18.933-05:00","eventName":"n8n.node.finished","message":"n8n.node.finished","payload":{"workflowId":"1QfFKeKPeALCB1uuEfz7u","workflowName":"My workflow","executionId":"89","nodeType":"n8n-nodes-base.code","nodeName":"Code in JavaScript","nodeId":"ea973967-2f13-4fc8-a905-bb1bfb692c47"}}
{"__type":"$$EventMessageConfirm","confirm":"7459cd59-c722-4713-9080-f21905f9c923","ts":"2026-01-16T07:41:18.933-05:00","source":{"id":"0","name":"eventBus"}}
{"__type":"$$EventMessageNode","id":"a7514969-b10e-4a41-87b4-fa91a378b9a6","ts":"2026-01-16T07:41:18.934-05:00","eventName":"n8n.node.started","message":"n8n.node.started","payload":{"workflowId":"1QfFKeKPeALCB1uuEfz7u","workflowName":"My workflow","executionId":"89","nodeType":"n8n-nodes-base.httpRequest","nodeName":"HTTP Request","nodeId":"afb4bf52-4025-4bce-a1ef-46790ecf669c"}}
{"__type":"$$EventMessageConfirm","confirm":"a7514969-b10e-4a41-87b4-fa91a378b9a6","ts":"2026-01-16T07:41:18.934-05:00","source":{"id":"0","name":"eventBus"}}
{"__type":"$$EventMessageNode","id":"3a246eae-7e07-4045-9e64-fa550bbe514d","ts":"2026-01-16T07:41:53.899-05:00","eventName":"n8n.node.finished","message":"n8n.node.finished","payload":{"workflowId":"1QfFKeKPeALCB1uuEfz7u","workflowName":"My workflow","executionId":"89","nodeType":"n8n-nodes-base.httpRequest","nodeName":"HTTP Request","nodeId":"afb4bf52-4025-4bce-a1ef-46790ecf669c"}}
{"__type":"$$EventMessageConfirm","confirm":"3a246eae-7e07-4045-9e64-fa550bbe514d","ts":"2026-01-16T07:41:53.899-05:00","source":{"id":"0","name":"eventBus"}}
{"__type":"$$EventMessageNode","id":"1ec7749a-5098-4ccf-b439-2a978010b52b","ts":"2026-01-16T07:41:53.900-05:00","eventName":"n8n.node.started","message":"n8n.node.started","payload":{"workflowId":"1QfFKeKPeALCB1uuEfz7u","workflowName":"My workflow","executionId":"89","nodeType":"n8n-nodes-base.httpRequest","nodeName":"HTTP Request1","nodeId":"4db89bb5-05fe-44ed-a807-5b1054710232"}}
{"__type":"$$EventMessageConfirm","confirm":"1ec7749a-5098-4ccf-b439-2a978010b52b","ts":"2026-01-16T07:41:53.900-05:00","source":{"id":"0","name":"eventBus"}}
{"__type":"$$EventMessageNode","id":"028ec219-5327-43fb-beb1-0d47ce1e1f3c","ts":"2026-01-16T07:41:54.925-05:00","eventName":"n8n.node.finished","message":"n8n.node.finished","payload":{"workflowId":"1QfFKeKPeALCB1uuEfz7u","workflowName":"My workflow","executionId":"89","nodeType":"n8n-nodes-base.httpRequest","nodeName":"HTTP Request1","nodeId":"4db89bb5-05fe-44ed-a807-5b1054710232"}}
{"__type":"$$EventMessageConfirm","confirm":"028ec219-5327-43fb-beb1-0d47ce1e1f3c","ts":"2026-01-16T07:41:54.926-05:00","source":{"id":"0","name":"eventBus"}}
{"__type":"$$EventMessageWorkflow","id":"582735c6-0291-4401-b924-393db212b5f9","ts":"2026-01-16T07:41:54.930-05:00","eventName":"n8n.workflow.success","message":"n8n.workflow.success","payload":{"userId":"592f0f2c-8979-4df5-bc32-f4084e3785ed","executionId":"89","success":true,"isManual":true,"workflowId":"1QfFKeKPeALCB1uuEfz7u","workflowName":"My workflow"}}
{"__type":"$$EventMessageConfirm","confirm":"582735c6-0291-4401-b924-393db212b5f9","ts":"2026-01-16T07:41:54.930-05:00","source":{"id":"0","name":"eventBus"}}
{"__type":"$$EventMessageWorkflow","id":"3fe9e501-3f08-492c-bb79-c63fb4f806ac","ts":"2026-01-16T10:01:55.630-05:00","eventName":"n8n.workflow.started","message":"n8n.workflow.started","payload":{"executionId":"90","workflowId":"1QfFKeKPeALCB1uuEfz7u","isManual":false,"workflowName":"My workflow"}}
{"__type":"$$EventMessageConfirm","confirm":"3fe9e501-3f08-492c-bb79-c63fb4f806ac","ts":"2026-01-16T10:01:55.630-05:00","source":{"id":"0","name":"eventBus"}}
{"__type":"$$EventMessageNode","id":"b027ad2e-9e08-40ef-9c92-fb855fa32e1f","ts":"2026-01-16T10:01:55.631-05:00","eventName":"n8n.node.started","message":"n8n.node.started","payload":{"workflowId":"1QfFKeKPeALCB1uuEfz7u","workflowName":"My workflow","executionId":"90","nodeType":"n8n-nodes-base.scheduleTrigger","nodeName":"Schedule Trigger1","nodeId":"b7b594a6-73cb-4291-9098-8bd86730b201"}}
{"__type":"$$EventMessageConfirm","confirm":"b027ad2e-9e08-40ef-9c92-fb855fa32e1f","ts":"2026-01-16T10:01:55.631-05:00","source":{"id":"0","name":"eventBus"}}
{"__type":"$$EventMessageNode","id":"3c16d873-34f6-4148-bb5a-8235709f1b94","ts":"2026-01-16T10:01:55.632-05:00","eventName":"n8n.node.finished","message":"n8n.node.finished","payload":{"workflowId":"1QfFKeKPeALCB1uuEfz7u","workflowName":"My workflow","executionId":"90","nodeType":"n8n-nodes-base.scheduleTrigger","nodeName":"Schedule Trigger1","nodeId":"b7b594a6-73cb-4291-9098-8bd86730b201"}}
{"__type":"$$EventMessageConfirm","confirm":"3c16d873-34f6-4148-bb5a-8235709f1b94","ts":"2026-01-16T10:01:55.632-05:00","source":{"id":"0","name":"eventBus"}}
{"__type":"$$EventMessageNode","id":"2ae97795-b44f-408e-9257-deb1d1f008e2","ts":"2026-01-16T10:01:55.632-05:00","eventName":"n8n.node.started","message":"n8n.node.started","payload":{"workflowId":"1QfFKeKPeALCB1uuEfz7u","workflowName":"My workflow","executionId":"90","nodeType":"n8n-nodes-base.readWriteFile","nodeName":"Read/Write Files from Disk","nodeId":"80ef32fb-b259-4652-9f45-d1f26fbbf5f0"}}
{"__type":"$$EventMessageConfirm","confirm":"2ae97795-b44f-408e-9257-deb1d1f008e2","ts":"2026-01-16T10:01:55.633-05:00","source":{"id":"0","name":"eventBus"}}
{"__type":"$$EventMessageNode","id":"5caaf9d0-0391-407d-af58-e365b6563d71","ts":"2026-01-16T10:01:55.638-05:00","eventName":"n8n.node.finished","message":"n8n.node.finished","payload":{"workflowId":"1QfFKeKPeALCB1uuEfz7u","workflowName":"My workflow","executionId":"90","nodeType":"n8n-nodes-base.readWriteFile","nodeName":"Read/Write Files from Disk","nodeId":"80ef32fb-b259-4652-9f45-d1f26fbbf5f0"}}
{"__type":"$$EventMessageConfirm","confirm":"5caaf9d0-0391-407d-af58-e365b6563d71","ts":"2026-01-16T10:01:55.639-05:00","source":{"id":"0","name":"eventBus"}}
{"__type":"$$EventMessageNode","id":"960a4948-8df6-4702-a197-7c619f1b9688","ts":"2026-01-16T10:01:55.639-05:00","eventName":"n8n.node.started","message":"n8n.node.started","payload":{"workflowId":"1QfFKeKPeALCB1uuEfz7u","workflowName":"My workflow","executionId":"90","nodeType":"n8n-nodes-base.code","nodeName":"Code in JavaScript","nodeId":"ea973967-2f13-4fc8-a905-bb1bfb692c47"}}
{"__type":"$$EventMessageConfirm","confirm":"960a4948-8df6-4702-a197-7c619f1b9688","ts":"2026-01-16T10:01:55.639-05:00","source":{"id":"0","name":"eventBus"}}
{"__type":"$$EventMessageRunner","id":"1213b6e1-fd9e-460c-999d-86a74171ac1e","ts":"2026-01-16T10:01:55.640-05:00","eventName":"n8n.runner.task.requested","message":"n8n.runner.task.requested","payload":{"taskId":"-LAXJbIx","nodeId":"ea973967-2f13-4fc8-a905-bb1bfb692c47","workflowId":"1QfFKeKPeALCB1uuEfz7u","executionId":"90"}}
{"__type":"$$EventMessageConfirm","confirm":"1213b6e1-fd9e-460c-999d-86a74171ac1e","ts":"2026-01-16T10:01:55.641-05:00","source":{"id":"0","name":"eventBus"}}
{"__type":"$$EventMessageRunner","id":"cc517113-9b58-41a5-8b00-db7980cbaee7","ts":"2026-01-16T10:01:55.656-05:00","eventName":"n8n.runner.response.received","message":"n8n.runner.response.received","payload":{"taskId":"-LAXJbIx","nodeId":"ea973967-2f13-4fc8-a905-bb1bfb692c47","workflowId":"1QfFKeKPeALCB1uuEfz7u","executionId":"90"}}
{"__type":"$$EventMessageConfirm","confirm":"cc517113-9b58-41a5-8b00-db7980cbaee7","ts":"2026-01-16T10:01:55.656-05:00","source":{"id":"0","name":"eventBus"}}
{"__type":"$$EventMessageNode","id":"5b28d135-8416-4e54-9310-4ef19f487f93","ts":"2026-01-16T10:01:55.657-05:00","eventName":"n8n.node.finished","message":"n8n.node.finished","payload":{"workflowId":"1QfFKeKPeALCB1uuEfz7u","workflowName":"My workflow","executionId":"90","nodeType":"n8n-nodes-base.code","nodeName":"Code in JavaScript","nodeId":"ea973967-2f13-4fc8-a905-bb1bfb692c47"}}
{"__type":"$$EventMessageConfirm","confirm":"5b28d135-8416-4e54-9310-4ef19f487f93","ts":"2026-01-16T10:01:55.657-05:00","source":{"id":"0","name":"eventBus"}}
{"__type":"$$EventMessageNode","id":"2892a7b3-a04d-4b00-9d1e-948513daab8c","ts":"2026-01-16T10:01:55.658-05:00","eventName":"n8n.node.started","message":"n8n.node.started","payload":{"workflowId":"1QfFKeKPeALCB1uuEfz7u","workflowName":"My workflow","executionId":"90","nodeType":"n8n-nodes-base.httpRequest","nodeName":"HTTP Request","nodeId":"afb4bf52-4025-4bce-a1ef-46790ecf669c"}}
{"__type":"$$EventMessageConfirm","confirm":"2892a7b3-a04d-4b00-9d1e-948513daab8c","ts":"2026-01-16T10:01:55.658-05:00","source":{"id":"0","name":"eventBus"}}
{"__type":"$$EventMessageNode","id":"f9852540-eb89-46eb-bf0a-624f2348054f","ts":"2026-01-16T10:02:35.628-05:00","eventName":"n8n.node.finished","message":"n8n.node.finished","payload":{"workflowId":"1QfFKeKPeALCB1uuEfz7u","workflowName":"My workflow","executionId":"90","nodeType":"n8n-nodes-base.httpRequest","nodeName":"HTTP Request","nodeId":"afb4bf52-4025-4bce-a1ef-46790ecf669c"}}
{"__type":"$$EventMessageConfirm","confirm":"f9852540-eb89-46eb-bf0a-624f2348054f","ts":"2026-01-16T10:02:35.628-05:00","source":{"id":"0","name":"eventBus"}}
{"__type":"$$EventMessageNode","id":"efbf1d64-e74f-41f9-822f-dc0abe965bdc","ts":"2026-01-16T10:02:35.629-05:00","eventName":"n8n.node.started","message":"n8n.node.started","payload":{"workflowId":"1QfFKeKPeALCB1uuEfz7u","workflowName":"My workflow","executionId":"90","nodeType":"n8n-nodes-base.httpRequest","nodeName":"HTTP Request1","nodeId":"4db89bb5-05fe-44ed-a807-5b1054710232"}}
{"__type":"$$EventMessageConfirm","confirm":"efbf1d64-e74f-41f9-822f-dc0abe965bdc","ts":"2026-01-16T10:02:35.629-05:00","source":{"id":"0","name":"eventBus"}}
{"__type":"$$EventMessageNode","id":"99e49466-625d-48b1-953d-be28e3e1e23a","ts":"2026-01-16T10:02:36.144-05:00","eventName":"n8n.node.finished","message":"n8n.node.finished","payload":{"workflowId":"1QfFKeKPeALCB1uuEfz7u","workflowName":"My workflow","executionId":"90","nodeType":"n8n-nodes-base.httpRequest","nodeName":"HTTP Request1","nodeId":"4db89bb5-05fe-44ed-a807-5b1054710232"}}
{"__type":"$$EventMessageConfirm","confirm":"99e49466-625d-48b1-953d-be28e3e1e23a","ts":"2026-01-16T10:02:36.144-05:00","source":{"id":"0","name":"eventBus"}}
{"__type":"$$EventMessageWorkflow","id":"986cf796-5e02-44f5-9904-d0d20f55efb5","ts":"2026-01-16T10:02:36.147-05:00","eventName":"n8n.workflow.success","message":"n8n.workflow.success","payload":{"userId":"592f0f2c-8979-4df5-bc32-f4084e3785ed","executionId":"90","success":true,"isManual":true,"workflowId":"1QfFKeKPeALCB1uuEfz7u","workflowName":"My workflow"}}
{"__type":"$$EventMessageConfirm","confirm":"986cf796-5e02-44f5-9904-d0d20f55efb5","ts":"2026-01-16T10:02:36.147-05:00","source":{"id":"0","name":"eventBus"}}
{"__type":"$$EventMessageWorkflow","id":"9ec28082-c87c-48e9-9f1f-9348000d7cd9","ts":"2026-01-16T10:16:26.910-05:00","eventName":"n8n.workflow.started","message":"n8n.workflow.started","payload":{"executionId":"91","workflowId":"1QfFKeKPeALCB1uuEfz7u","isManual":false,"workflowName":"My workflow"}}
{"__type":"$$EventMessageConfirm","confirm":"9ec28082-c87c-48e9-9f1f-9348000d7cd9","ts":"2026-01-16T10:16:26.910-05:00","source":{"id":"0","name":"eventBus"}}
{"__type":"$$EventMessageNode","id":"ae049a46-054e-4ef3-a79c-57c0ca41317e","ts":"2026-01-16T10:16:26.911-05:00","eventName":"n8n.node.started","message":"n8n.node.started","payload":{"workflowId":"1QfFKeKPeALCB1uuEfz7u","workflowName":"My workflow","executionId":"91","nodeType":"n8n-nodes-base.scheduleTrigger","nodeName":"Schedule Trigger1","nodeId":"b7b594a6-73cb-4291-9098-8bd86730b201"}}
{"__type":"$$EventMessageConfirm","confirm":"ae049a46-054e-4ef3-a79c-57c0ca41317e","ts":"2026-01-16T10:16:26.911-05:00","source":{"id":"0","name":"eventBus"}}
{"__type":"$$EventMessageNode","id":"e3c7ee97-36d6-432e-a6d7-9058271413e2","ts":"2026-01-16T10:16:26.912-05:00","eventName":"n8n.node.finished","message":"n8n.node.finished","payload":{"workflowId":"1QfFKeKPeALCB1uuEfz7u","workflowName":"My workflow","executionId":"91","nodeType":"n8n-nodes-base.scheduleTrigger","nodeName":"Schedule Trigger1","nodeId":"b7b594a6-73cb-4291-9098-8bd86730b201"}}
{"__type":"$$EventMessageConfirm","confirm":"e3c7ee97-36d6-432e-a6d7-9058271413e2","ts":"2026-01-16T10:16:26.913-05:00","source":{"id":"0","name":"eventBus"}}
{"__type":"$$EventMessageNode","id":"580f7438-7f06-47c6-b4ef-1b79a40b2ef0","ts":"2026-01-16T10:16:26.913-05:00","eventName":"n8n.node.started","message":"n8n.node.started","payload":{"workflowId":"1QfFKeKPeALCB1uuEfz7u","workflowName":"My workflow","executionId":"91","nodeType":"n8n-nodes-base.readWriteFile","nodeName":"Read/Write Files from Disk","nodeId":"80ef32fb-b259-4652-9f45-d1f26fbbf5f0"}}
{"__type":"$$EventMessageConfirm","confirm":"580f7438-7f06-47c6-b4ef-1b79a40b2ef0","ts":"2026-01-16T10:16:26.913-05:00","source":{"id":"0","name":"eventBus"}}
{"__type":"$$EventMessageNode","id":"035f745a-c0c8-46ec-9621-0e8ff8a0a682","ts":"2026-01-16T10:16:26.919-05:00","eventName":"n8n.node.finished","message":"n8n.node.finished","payload":{"workflowId":"1QfFKeKPeALCB1uuEfz7u","workflowName":"My workflow","executionId":"91","nodeType":"n8n-nodes-base.readWriteFile","nodeName":"Read/Write Files from Disk","nodeId":"80ef32fb-b259-4652-9f45-d1f26fbbf5f0"}}
{"__type":"$$EventMessageConfirm","confirm":"035f745a-c0c8-46ec-9621-0e8ff8a0a682","ts":"2026-01-16T10:16:26.919-05:00","source":{"id":"0","name":"eventBus"}}
{"__type":"$$EventMessageNode","id":"22acb628-56ec-475f-947b-1cb8594e6f0e","ts":"2026-01-16T10:16:26.919-05:00","eventName":"n8n.node.started","message":"n8n.node.started","payload":{"workflowId":"1QfFKeKPeALCB1uuEfz7u","workflowName":"My workflow","executionId":"91","nodeType":"n8n-nodes-base.code","nodeName":"Code in JavaScript","nodeId":"ea973967-2f13-4fc8-a905-bb1bfb692c47"}}
{"__type":"$$EventMessageConfirm","confirm":"22acb628-56ec-475f-947b-1cb8594e6f0e","ts":"2026-01-16T10:16:26.919-05:00","source":{"id":"0","name":"eventBus"}}
{"__type":"$$EventMessageRunner","id":"418a2fbc-3f61-40ca-90bb-b5b28f8a5ff4","ts":"2026-01-16T10:16:26.921-05:00","eventName":"n8n.runner.task.requested","message":"n8n.runner.task.requested","payload":{"taskId":"ACwAOB0t","nodeId":"ea973967-2f13-4fc8-a905-bb1bfb692c47","workflowId":"1QfFKeKPeALCB1uuEfz7u","executionId":"91"}}
{"__type":"$$EventMessageConfirm","confirm":"418a2fbc-3f61-40ca-90bb-b5b28f8a5ff4","ts":"2026-01-16T10:16:26.921-05:00","source":{"id":"0","name":"eventBus"}}
{"__type":"$$EventMessageRunner","id":"5de43065-af10-4508-b589-99476b25a1fb","ts":"2026-01-16T10:16:26.930-05:00","eventName":"n8n.runner.response.received","message":"n8n.runner.response.received","payload":{"taskId":"ACwAOB0t","nodeId":"ea973967-2f13-4fc8-a905-bb1bfb692c47","workflowId":"1QfFKeKPeALCB1uuEfz7u","executionId":"91"}}
{"__type":"$$EventMessageConfirm","confirm":"5de43065-af10-4508-b589-99476b25a1fb","ts":"2026-01-16T10:16:26.930-05:00","source":{"id":"0","name":"eventBus"}}
{"__type":"$$EventMessageNode","id":"0bb2060e-c401-4148-ba47-ef09698ae911","ts":"2026-01-16T10:16:26.930-05:00","eventName":"n8n.node.finished","message":"n8n.node.finished","payload":{"workflowId":"1QfFKeKPeALCB1uuEfz7u","workflowName":"My workflow","executionId":"91","nodeType":"n8n-nodes-base.code","nodeName":"Code in JavaScript","nodeId":"ea973967-2f13-4fc8-a905-bb1bfb692c47"}}
{"__type":"$$EventMessageConfirm","confirm":"0bb2060e-c401-4148-ba47-ef09698ae911","ts":"2026-01-16T10:16:26.930-05:00","source":{"id":"0","name":"eventBus"}}
{"__type":"$$EventMessageNode","id":"5379d9c6-4272-41dc-aefe-f5c07bad1e91","ts":"2026-01-16T10:16:26.931-05:00","eventName":"n8n.node.started","message":"n8n.node.started","payload":{"workflowId":"1QfFKeKPeALCB1uuEfz7u","workflowName":"My workflow","executionId":"91","nodeType":"n8n-nodes-base.httpRequest","nodeName":"HTTP Request","nodeId":"afb4bf52-4025-4bce-a1ef-46790ecf669c"}}
{"__type":"$$EventMessageConfirm","confirm":"5379d9c6-4272-41dc-aefe-f5c07bad1e91","ts":"2026-01-16T10:16:26.931-05:00","source":{"id":"0","name":"eventBus"}}
{"__type":"$$EventMessageNode","id":"9a42528f-707b-4ac2-9ffa-f2e2f550f679","ts":"2026-01-16T10:17:04.065-05:00","eventName":"n8n.node.finished","message":"n8n.node.finished","payload":{"workflowId":"1QfFKeKPeALCB1uuEfz7u","workflowName":"My workflow","executionId":"91","nodeType":"n8n-nodes-base.httpRequest","nodeName":"HTTP Request","nodeId":"afb4bf52-4025-4bce-a1ef-46790ecf669c"}}
{"__type":"$$EventMessageConfirm","confirm":"9a42528f-707b-4ac2-9ffa-f2e2f550f679","ts":"2026-01-16T10:17:04.065-05:00","source":{"id":"0","name":"eventBus"}}
{"__type":"$$EventMessageNode","id":"3c988fcf-f1e4-426f-b515-98dd48d17c64","ts":"2026-01-16T10:17:04.066-05:00","eventName":"n8n.node.started","message":"n8n.node.started","payload":{"workflowId":"1QfFKeKPeALCB1uuEfz7u","workflowName":"My workflow","executionId":"91","nodeType":"n8n-nodes-base.httpRequest","nodeName":"HTTP Request1","nodeId":"4db89bb5-05fe-44ed-a807-5b1054710232"}}
{"__type":"$$EventMessageConfirm","confirm":"3c988fcf-f1e4-426f-b515-98dd48d17c64","ts":"2026-01-16T10:17:04.066-05:00","source":{"id":"0","name":"eventBus"}}
{"__type":"$$EventMessageNode","id":"22240ab1-c76c-4e18-93ce-1f6a02495ecc","ts":"2026-01-16T10:17:04.664-05:00","eventName":"n8n.node.finished","message":"n8n.node.finished","payload":{"workflowId":"1QfFKeKPeALCB1uuEfz7u","workflowName":"My workflow","executionId":"91","nodeType":"n8n-nodes-base.httpRequest","nodeName":"HTTP Request1","nodeId":"4db89bb5-05fe-44ed-a807-5b1054710232"}}
{"__type":"$$EventMessageConfirm","confirm":"22240ab1-c76c-4e18-93ce-1f6a02495ecc","ts":"2026-01-16T10:17:04.664-05:00","source":{"id":"0","name":"eventBus"}}
{"__type":"$$EventMessageWorkflow","id":"9578d8fc-0c77-4cd5-990f-791cb6553778","ts":"2026-01-16T10:17:04.666-05:00","eventName":"n8n.workflow.success","message":"n8n.workflow.success","payload":{"userId":"592f0f2c-8979-4df5-bc32-f4084e3785ed","executionId":"91","success":true,"isManual":true,"workflowId":"1QfFKeKPeALCB1uuEfz7u","workflowName":"My workflow"}}
{"__type":"$$EventMessageConfirm","confirm":"9578d8fc-0c77-4cd5-990f-791cb6553778","ts":"2026-01-16T10:17:04.667-05:00","source":{"id":"0","name":"eventBus"}}
{"__type":"$$EventMessageWorkflow","id":"23bcfa7d-1d64-48ce-87d2-3b1261cb1fc7","ts":"2026-01-16T10:33:29.383-05:00","eventName":"n8n.workflow.started","message":"n8n.workflow.started","payload":{"executionId":"92","workflowId":"1QfFKeKPeALCB1uuEfz7u","isManual":false,"workflowName":"My workflow"}}
{"__type":"$$EventMessageConfirm","confirm":"23bcfa7d-1d64-48ce-87d2-3b1261cb1fc7","ts":"2026-01-16T10:33:29.383-05:00","source":{"id":"0","name":"eventBus"}}
{"__type":"$$EventMessageNode","id":"ce5e3710-de4d-4152-8b7c-1e7c50b38ae6","ts":"2026-01-16T10:33:29.384-05:00","eventName":"n8n.node.started","message":"n8n.node.started","payload":{"workflowId":"1QfFKeKPeALCB1uuEfz7u","workflowName":"My workflow","executionId":"92","nodeType":"n8n-nodes-base.code","nodeName":"Code in JavaScript1","nodeId":"558ef5c0-57d6-4938-8f4e-17a441ea62ed"}}
{"__type":"$$EventMessageConfirm","confirm":"ce5e3710-de4d-4152-8b7c-1e7c50b38ae6","ts":"2026-01-16T10:33:29.385-05:00","source":{"id":"0","name":"eventBus"}}
{"__type":"$$EventMessageRunner","id":"873c6f6a-e9bf-40a5-b75b-ef06ef850274","ts":"2026-01-16T10:33:29.386-05:00","eventName":"n8n.runner.task.requested","message":"n8n.runner.task.requested","payload":{"taskId":"2vuYUURj","nodeId":"558ef5c0-57d6-4938-8f4e-17a441ea62ed","workflowId":"1QfFKeKPeALCB1uuEfz7u","executionId":"92"}}
{"__type":"$$EventMessageConfirm","confirm":"873c6f6a-e9bf-40a5-b75b-ef06ef850274","ts":"2026-01-16T10:33:29.386-05:00","source":{"id":"0","name":"eventBus"}}
{"__type":"$$EventMessageRunner","id":"aa7395fb-b296-4d08-b1a4-dff760568832","ts":"2026-01-16T10:33:29.393-05:00","eventName":"n8n.runner.response.received","message":"n8n.runner.response.received","payload":{"taskId":"2vuYUURj","nodeId":"558ef5c0-57d6-4938-8f4e-17a441ea62ed","workflowId":"1QfFKeKPeALCB1uuEfz7u","executionId":"92"}}
{"__type":"$$EventMessageConfirm","confirm":"aa7395fb-b296-4d08-b1a4-dff760568832","ts":"2026-01-16T10:33:29.393-05:00","source":{"id":"0","name":"eventBus"}}
{"__type":"$$EventMessageNode","id":"c8a66cd3-2866-4c03-a718-a9fe28672996","ts":"2026-01-16T10:33:29.393-05:00","eventName":"n8n.node.finished","message":"n8n.node.finished","payload":{"workflowId":"1QfFKeKPeALCB1uuEfz7u","workflowName":"My workflow","executionId":"92","nodeType":"n8n-nodes-base.code","nodeName":"Code in JavaScript1","nodeId":"558ef5c0-57d6-4938-8f4e-17a441ea62ed"}}
{"__type":"$$EventMessageConfirm","confirm":"c8a66cd3-2866-4c03-a718-a9fe28672996","ts":"2026-01-16T10:33:29.393-05:00","source":{"id":"0","name":"eventBus"}}
{"__type":"$$EventMessageWorkflow","id":"c1cdaf70-ef0d-48d4-a60a-d75b16ea78a4","ts":"2026-01-16T10:33:29.395-05:00","eventName":"n8n.workflow.success","message":"n8n.workflow.success","payload":{"userId":"592f0f2c-8979-4df5-bc32-f4084e3785ed","executionId":"92","success":true,"isManual":true,"workflowId":"1QfFKeKPeALCB1uuEfz7u","workflowName":"My workflow"}}
{"__type":"$$EventMessageConfirm","confirm":"c1cdaf70-ef0d-48d4-a60a-d75b16ea78a4","ts":"2026-01-16T10:33:29.395-05:00","source":{"id":"0","name":"eventBus"}}
{"__type":"$$EventMessageAudit","id":"2329cde4-072a-47e3-8ad3-5566706a3abc","ts":"2026-01-16T10:34:19.997-05:00","eventName":"n8n.audit.workflow.updated","message":"n8n.audit.workflow.updated","payload":{"userId":"592f0f2c-8979-4df5-bc32-f4084e3785ed","_email":"lkf1234567i@gmail.com","_firstName":"Kaifeng","_lastName":"Li","globalRole":"global:owner","workflowId":"1QfFKeKPeALCB1uuEfz7u","workflowName":"My workflow"}}
{"__type":"$$EventMessageConfirm","confirm":"2329cde4-072a-47e3-8ad3-5566706a3abc","ts":"2026-01-16T10:34:19.997-05:00","source":{"id":"0","name":"eventBus"}}
{"__type":"$$EventMessageWorkflow","id":"910623f4-997a-4dfb-a1d9-e8950a64b998","ts":"2026-01-16T10:51:13.131-05:00","eventName":"n8n.workflow.started","message":"n8n.workflow.started","payload":{"executionId":"93","workflowId":"1QfFKeKPeALCB1uuEfz7u","isManual":false,"workflowName":"My workflow"}}
{"__type":"$$EventMessageConfirm","confirm":"910623f4-997a-4dfb-a1d9-e8950a64b998","ts":"2026-01-16T10:51:13.132-05:00","source":{"id":"0","name":"eventBus"}}
{"__type":"$$EventMessageNode","id":"0a71b2f1-55f8-4f50-920b-6795adc89b4f","ts":"2026-01-16T10:51:13.133-05:00","eventName":"n8n.node.started","message":"n8n.node.started","payload":{"workflowId":"1QfFKeKPeALCB1uuEfz7u","workflowName":"My workflow","executionId":"93","nodeType":"n8n-nodes-base.code","nodeName":"Code in JavaScript1","nodeId":"558ef5c0-57d6-4938-8f4e-17a441ea62ed"}}
{"__type":"$$EventMessageConfirm","confirm":"0a71b2f1-55f8-4f50-920b-6795adc89b4f","ts":"2026-01-16T10:51:13.133-05:00","source":{"id":"0","name":"eventBus"}}
{"__type":"$$EventMessageRunner","id":"804da60f-f7cc-4fa3-80cd-0057a6437194","ts":"2026-01-16T10:51:13.135-05:00","eventName":"n8n.runner.task.requested","message":"n8n.runner.task.requested","payload":{"taskId":"IwevPbGg","nodeId":"558ef5c0-57d6-4938-8f4e-17a441ea62ed","workflowId":"1QfFKeKPeALCB1uuEfz7u","executionId":"93"}}
{"__type":"$$EventMessageConfirm","confirm":"804da60f-f7cc-4fa3-80cd-0057a6437194","ts":"2026-01-16T10:51:13.135-05:00","source":{"id":"0","name":"eventBus"}}
{"__type":"$$EventMessageRunner","id":"42aa2822-f133-4b64-8abc-c102d99c971d","ts":"2026-01-16T10:51:13.142-05:00","eventName":"n8n.runner.response.received","message":"n8n.runner.response.received","payload":{"taskId":"IwevPbGg","nodeId":"558ef5c0-57d6-4938-8f4e-17a441ea62ed","workflowId":"1QfFKeKPeALCB1uuEfz7u","executionId":"93"}}
{"__type":"$$EventMessageConfirm","confirm":"42aa2822-f133-4b64-8abc-c102d99c971d","ts":"2026-01-16T10:51:13.142-05:00","source":{"id":"0","name":"eventBus"}}
{"__type":"$$EventMessageNode","id":"f0dbc0ce-2c9c-4fd9-87b9-b10f857fbee2","ts":"2026-01-16T10:51:13.143-05:00","eventName":"n8n.node.finished","message":"n8n.node.finished","payload":{"workflowId":"1QfFKeKPeALCB1uuEfz7u","workflowName":"My workflow","executionId":"93","nodeType":"n8n-nodes-base.code","nodeName":"Code in JavaScript1","nodeId":"558ef5c0-57d6-4938-8f4e-17a441ea62ed"}}
{"__type":"$$EventMessageConfirm","confirm":"f0dbc0ce-2c9c-4fd9-87b9-b10f857fbee2","ts":"2026-01-16T10:51:13.143-05:00","source":{"id":"0","name":"eventBus"}}
{"__type":"$$EventMessageNode","id":"27939959-e1c9-4224-bbb1-6e1a6a4f56a1","ts":"2026-01-16T10:51:13.144-05:00","eventName":"n8n.node.started","message":"n8n.node.started","payload":{"workflowId":"1QfFKeKPeALCB1uuEfz7u","workflowName":"My workflow","executionId":"93","nodeType":"n8n-nodes-base.respondToWebhook","nodeName":"Respond to Webhook","nodeId":"b6a360fe-855d-43e1-94a9-5f9ae75117bd"}}
{"__type":"$$EventMessageConfirm","confirm":"27939959-e1c9-4224-bbb1-6e1a6a4f56a1","ts":"2026-01-16T10:51:13.144-05:00","source":{"id":"0","name":"eventBus"}}
{"__type":"$$EventMessageNode","id":"eb54dab5-c447-4175-b6ce-c9a03dbd2ae0","ts":"2026-01-16T10:51:13.148-05:00","eventName":"n8n.node.finished","message":"n8n.node.finished","payload":{"workflowId":"1QfFKeKPeALCB1uuEfz7u","workflowName":"My workflow","executionId":"93","nodeType":"n8n-nodes-base.respondToWebhook","nodeName":"Respond to Webhook","nodeId":"b6a360fe-855d-43e1-94a9-5f9ae75117bd"}}
{"__type":"$$EventMessageConfirm","confirm":"eb54dab5-c447-4175-b6ce-c9a03dbd2ae0","ts":"2026-01-16T10:51:13.148-05:00","source":{"id":"0","name":"eventBus"}}
{"__type":"$$EventMessageWorkflow","id":"b3da6082-bec8-447e-ac10-3497d108084c","ts":"2026-01-16T10:51:13.150-05:00","eventName":"n8n.workflow.success","message":"n8n.workflow.success","payload":{"userId":"592f0f2c-8979-4df5-bc32-f4084e3785ed","executionId":"93","success":true,"isManual":true,"workflowId":"1QfFKeKPeALCB1uuEfz7u","workflowName":"My workflow"}}
{"__type":"$$EventMessageConfirm","confirm":"b3da6082-bec8-447e-ac10-3497d108084c","ts":"2026-01-16T10:51:13.151-05:00","source":{"id":"0","name":"eventBus"}}
{"__type":"$$EventMessageAudit","id":"e5a2b311-fe55-470f-90d6-ed0baa35b54d","ts":"2026-01-16T10:51:16.254-05:00","eventName":"n8n.audit.workflow.updated","message":"n8n.audit.workflow.updated","payload":{"userId":"592f0f2c-8979-4df5-bc32-f4084e3785ed","_email":"lkf1234567i@gmail.com","_firstName":"Kaifeng","_lastName":"Li","globalRole":"global:owner","workflowId":"1QfFKeKPeALCB1uuEfz7u","workflowName":"My workflow"}}
{"__type":"$$EventMessageConfirm","confirm":"e5a2b311-fe55-470f-90d6-ed0baa35b54d","ts":"2026-01-16T10:51:16.254-05:00","source":{"id":"0","name":"eventBus"}}
{"__type":"$$EventMessageAudit","id":"2be7f902-a049-489e-8580-aa886d076f6b","ts":"2026-01-16T10:51:18.460-05:00","eventName":"n8n.audit.workflow.activated","message":"n8n.audit.workflow.activated","payload":{"userId":"592f0f2c-8979-4df5-bc32-f4084e3785ed","_email":"lkf1234567i@gmail.com","_firstName":"Kaifeng","_lastName":"Li","globalRole":"global:owner","workflowId":"1QfFKeKPeALCB1uuEfz7u","workflowName":"My workflow","activeVersionId":"f5075ca6-09f9-4ab0-bfc4-1694b3015ce9"}}
{"__type":"$$EventMessageConfirm","confirm":"2be7f902-a049-489e-8580-aa886d076f6b","ts":"2026-01-16T10:51:18.460-05:00","source":{"id":"0","name":"eventBus"}}
{"__type":"$$EventMessageWorkflow","id":"da6bc755-61a2-469a-ade0-3531504d4fb0","ts":"2026-01-16T10:57:47.792-05:00","eventName":"n8n.workflow.started","message":"n8n.workflow.started","payload":{"executionId":"94","workflowId":"1QfFKeKPeALCB1uuEfz7u","isManual":false,"workflowName":"My workflow"}}
{"__type":"$$EventMessageConfirm","confirm":"da6bc755-61a2-469a-ade0-3531504d4fb0","ts":"2026-01-16T10:57:47.792-05:00","source":{"id":"0","name":"eventBus"}}
{"__type":"$$EventMessageNode","id":"d3892348-d1a3-45e0-b4d6-5b8506b0d8c7","ts":"2026-01-16T10:57:47.793-05:00","eventName":"n8n.node.started","message":"n8n.node.started","payload":{"workflowId":"1QfFKeKPeALCB1uuEfz7u","workflowName":"My workflow","executionId":"94","nodeType":"n8n-nodes-base.scheduleTrigger","nodeName":"Schedule Trigger","nodeId":"a5e7a3f7-a563-4331-a833-070582038030"}}
{"__type":"$$EventMessageConfirm","confirm":"d3892348-d1a3-45e0-b4d6-5b8506b0d8c7","ts":"2026-01-16T10:57:47.793-05:00","source":{"id":"0","name":"eventBus"}}
{"__type":"$$EventMessageNode","id":"5133830f-476c-4840-bf1e-8ee843d0a574","ts":"2026-01-16T10:57:47.795-05:00","eventName":"n8n.node.finished","message":"n8n.node.finished","payload":{"workflowId":"1QfFKeKPeALCB1uuEfz7u","workflowName":"My workflow","executionId":"94","nodeType":"n8n-nodes-base.scheduleTrigger","nodeName":"Schedule Trigger","nodeId":"a5e7a3f7-a563-4331-a833-070582038030"}}
{"__type":"$$EventMessageConfirm","confirm":"5133830f-476c-4840-bf1e-8ee843d0a574","ts":"2026-01-16T10:57:47.795-05:00","source":{"id":"0","name":"eventBus"}}
{"__type":"$$EventMessageNode","id":"44bca8df-d75e-422b-8552-acfa2c7311ab","ts":"2026-01-16T10:57:47.795-05:00","eventName":"n8n.node.started","message":"n8n.node.started","payload":{"workflowId":"1QfFKeKPeALCB1uuEfz7u","workflowName":"My workflow","executionId":"94","nodeType":"n8n-nodes-base.readWriteFile","nodeName":"Read/Write Files from Disk","nodeId":"80ef32fb-b259-4652-9f45-d1f26fbbf5f0"}}
{"__type":"$$EventMessageConfirm","confirm":"44bca8df-d75e-422b-8552-acfa2c7311ab","ts":"2026-01-16T10:57:47.796-05:00","source":{"id":"0","name":"eventBus"}}
{"__type":"$$EventMessageNode","id":"3a74a5fd-6327-432e-96ef-b838bc59e3d9","ts":"2026-01-16T10:57:47.801-05:00","eventName":"n8n.node.finished","message":"n8n.node.finished","payload":{"workflowId":"1QfFKeKPeALCB1uuEfz7u","workflowName":"My workflow","executionId":"94","nodeType":"n8n-nodes-base.readWriteFile","nodeName":"Read/Write Files from Disk","nodeId":"80ef32fb-b259-4652-9f45-d1f26fbbf5f0"}}
{"__type":"$$EventMessageConfirm","confirm":"3a74a5fd-6327-432e-96ef-b838bc59e3d9","ts":"2026-01-16T10:57:47.801-05:00","source":{"id":"0","name":"eventBus"}}
{"__type":"$$EventMessageNode","id":"db93120e-7842-4a4a-aacd-4a25fe6eedaf","ts":"2026-01-16T10:57:47.801-05:00","eventName":"n8n.node.started","message":"n8n.node.started","payload":{"workflowId":"1QfFKeKPeALCB1uuEfz7u","workflowName":"My workflow","executionId":"94","nodeType":"n8n-nodes-base.code","nodeName":"Code in JavaScript","nodeId":"ea973967-2f13-4fc8-a905-bb1bfb692c47"}}
{"__type":"$$EventMessageConfirm","confirm":"db93120e-7842-4a4a-aacd-4a25fe6eedaf","ts":"2026-01-16T10:57:47.801-05:00","source":{"id":"0","name":"eventBus"}}
{"__type":"$$EventMessageRunner","id":"6596ecfb-4302-4782-aeaa-ae9bdd1660f2","ts":"2026-01-16T10:57:47.804-05:00","eventName":"n8n.runner.task.requested","message":"n8n.runner.task.requested","payload":{"taskId":"K2KR0XLD","nodeId":"ea973967-2f13-4fc8-a905-bb1bfb692c47","workflowId":"1QfFKeKPeALCB1uuEfz7u","executionId":"94"}}
{"__type":"$$EventMessageConfirm","confirm":"6596ecfb-4302-4782-aeaa-ae9bdd1660f2","ts":"2026-01-16T10:57:47.804-05:00","source":{"id":"0","name":"eventBus"}}
{"__type":"$$EventMessageRunner","id":"37a2def6-7c06-4df8-8d6e-03a44058fd7a","ts":"2026-01-16T10:57:47.813-05:00","eventName":"n8n.runner.response.received","message":"n8n.runner.response.received","payload":{"taskId":"K2KR0XLD","nodeId":"ea973967-2f13-4fc8-a905-bb1bfb692c47","workflowId":"1QfFKeKPeALCB1uuEfz7u","executionId":"94"}}
{"__type":"$$EventMessageConfirm","confirm":"37a2def6-7c06-4df8-8d6e-03a44058fd7a","ts":"2026-01-16T10:57:47.813-05:00","source":{"id":"0","name":"eventBus"}}
{"__type":"$$EventMessageNode","id":"ac8f1962-4df0-484e-8e5e-abd811bfed25","ts":"2026-01-16T10:57:47.813-05:00","eventName":"n8n.node.finished","message":"n8n.node.finished","payload":{"workflowId":"1QfFKeKPeALCB1uuEfz7u","workflowName":"My workflow","executionId":"94","nodeType":"n8n-nodes-base.code","nodeName":"Code in JavaScript","nodeId":"ea973967-2f13-4fc8-a905-bb1bfb692c47"}}
{"__type":"$$EventMessageConfirm","confirm":"ac8f1962-4df0-484e-8e5e-abd811bfed25","ts":"2026-01-16T10:57:47.814-05:00","source":{"id":"0","name":"eventBus"}}
{"__type":"$$EventMessageNode","id":"8edcdb75-84d9-4a16-8cd1-4f7e3e5f6952","ts":"2026-01-16T10:57:47.814-05:00","eventName":"n8n.node.started","message":"n8n.node.started","payload":{"workflowId":"1QfFKeKPeALCB1uuEfz7u","workflowName":"My workflow","executionId":"94","nodeType":"n8n-nodes-base.httpRequest","nodeName":"HTTP Request","nodeId":"afb4bf52-4025-4bce-a1ef-46790ecf669c"}}
{"__type":"$$EventMessageConfirm","confirm":"8edcdb75-84d9-4a16-8cd1-4f7e3e5f6952","ts":"2026-01-16T10:57:47.814-05:00","source":{"id":"0","name":"eventBus"}}
{"__type":"$$EventMessageNode","id":"2070bce3-b81d-4a39-8673-3c973a186aaf","ts":"2026-01-16T10:58:10.198-05:00","eventName":"n8n.node.finished","message":"n8n.node.finished","payload":{"workflowId":"1QfFKeKPeALCB1uuEfz7u","workflowName":"My workflow","executionId":"94","nodeType":"n8n-nodes-base.httpRequest","nodeName":"HTTP Request","nodeId":"afb4bf52-4025-4bce-a1ef-46790ecf669c"}}
{"__type":"$$EventMessageConfirm","confirm":"2070bce3-b81d-4a39-8673-3c973a186aaf","ts":"2026-01-16T10:58:10.198-05:00","source":{"id":"0","name":"eventBus"}}
{"__type":"$$EventMessageNode","id":"bfd5a5a3-4a1e-4b31-9c45-4f7d4694bc6f","ts":"2026-01-16T10:58:10.199-05:00","eventName":"n8n.node.started","message":"n8n.node.started","payload":{"workflowId":"1QfFKeKPeALCB1uuEfz7u","workflowName":"My workflow","executionId":"94","nodeType":"n8n-nodes-base.httpRequest","nodeName":"HTTP Request1","nodeId":"4db89bb5-05fe-44ed-a807-5b1054710232"}}
{"__type":"$$EventMessageConfirm","confirm":"bfd5a5a3-4a1e-4b31-9c45-4f7d4694bc6f","ts":"2026-01-16T10:58:10.199-05:00","source":{"id":"0","name":"eventBus"}}
{"__type":"$$EventMessageNode","id":"bcea5a7d-8fd7-4644-82b4-ce05ae780570","ts":"2026-01-16T10:58:10.732-05:00","eventName":"n8n.node.finished","message":"n8n.node.finished","payload":{"workflowId":"1QfFKeKPeALCB1uuEfz7u","workflowName":"My workflow","executionId":"94","nodeType":"n8n-nodes-base.httpRequest","nodeName":"HTTP Request1","nodeId":"4db89bb5-05fe-44ed-a807-5b1054710232"}}
{"__type":"$$EventMessageConfirm","confirm":"bcea5a7d-8fd7-4644-82b4-ce05ae780570","ts":"2026-01-16T10:58:10.732-05:00","source":{"id":"0","name":"eventBus"}}
{"__type":"$$EventMessageWorkflow","id":"26c6d2dd-100b-4663-9b14-9e8cce6c39a7","ts":"2026-01-16T10:58:10.735-05:00","eventName":"n8n.workflow.success","message":"n8n.workflow.success","payload":{"userId":"592f0f2c-8979-4df5-bc32-f4084e3785ed","executionId":"94","success":true,"isManual":true,"workflowId":"1QfFKeKPeALCB1uuEfz7u","workflowName":"My workflow"}}
{"__type":"$$EventMessageConfirm","confirm":"26c6d2dd-100b-4663-9b14-9e8cce6c39a7","ts":"2026-01-16T10:58:10.736-05:00","source":{"id":"0","name":"eventBus"}}
{"__type":"$$EventMessageAudit","id":"f4aa442b-c0aa-44e1-98d0-a342455a25fa","ts":"2026-01-16T23:09:01.455-05:00","eventName":"n8n.audit.workflow.updated","message":"n8n.audit.workflow.updated","payload":{"userId":"592f0f2c-8979-4df5-bc32-f4084e3785ed","_email":"lkf1234567i@gmail.com","_firstName":"Kaifeng","_lastName":"Li","globalRole":"global:owner","workflowId":"1QfFKeKPeALCB1uuEfz7u","workflowName":"My workflow"}}
{"__type":"$$EventMessageConfirm","confirm":"f4aa442b-c0aa-44e1-98d0-a342455a25fa","ts":"2026-01-16T23:09:01.456-05:00","source":{"id":"0","name":"eventBus"}}
{"__type":"$$EventMessageWorkflow","id":"1155e86e-ed33-4559-9ee2-141bf4731b27","ts":"2026-01-16T23:10:43.693-05:00","eventName":"n8n.workflow.started","message":"n8n.workflow.started","payload":{"executionId":"95","workflowId":"1QfFKeKPeALCB1uuEfz7u","isManual":false,"workflowName":"My workflow"}}
{"__type":"$$EventMessageConfirm","confirm":"1155e86e-ed33-4559-9ee2-141bf4731b27","ts":"2026-01-16T23:10:43.693-05:00","source":{"id":"0","name":"eventBus"}}
{"__type":"$$EventMessageNode","id":"ee571407-1695-4299-a3b0-b208f76860e5","ts":"2026-01-16T23:10:43.694-05:00","eventName":"n8n.node.started","message":"n8n.node.started","payload":{"workflowId":"1QfFKeKPeALCB1uuEfz7u","workflowName":"My workflow","executionId":"95","nodeType":"n8n-nodes-base.scheduleTrigger","nodeName":"Schedule Trigger","nodeId":"a5e7a3f7-a563-4331-a833-070582038030"}}
{"__type":"$$EventMessageConfirm","confirm":"ee571407-1695-4299-a3b0-b208f76860e5","ts":"2026-01-16T23:10:43.694-05:00","source":{"id":"0","name":"eventBus"}}
{"__type":"$$EventMessageNode","id":"a6562d77-6a80-49f1-91b2-fe577fb409c8","ts":"2026-01-16T23:10:43.695-05:00","eventName":"n8n.node.finished","message":"n8n.node.finished","payload":{"workflowId":"1QfFKeKPeALCB1uuEfz7u","workflowName":"My workflow","executionId":"95","nodeType":"n8n-nodes-base.scheduleTrigger","nodeName":"Schedule Trigger","nodeId":"a5e7a3f7-a563-4331-a833-070582038030"}}
{"__type":"$$EventMessageConfirm","confirm":"a6562d77-6a80-49f1-91b2-fe577fb409c8","ts":"2026-01-16T23:10:43.695-05:00","source":{"id":"0","name":"eventBus"}}
{"__type":"$$EventMessageNode","id":"cd130072-54c6-4a29-899f-a8d42863d1c0","ts":"2026-01-16T23:10:43.695-05:00","eventName":"n8n.node.started","message":"n8n.node.started","payload":{"workflowId":"1QfFKeKPeALCB1uuEfz7u","workflowName":"My workflow","executionId":"95","nodeType":"n8n-nodes-base.readWriteFile","nodeName":"Read/Write Files from Disk","nodeId":"80ef32fb-b259-4652-9f45-d1f26fbbf5f0"}}
{"__type":"$$EventMessageConfirm","confirm":"cd130072-54c6-4a29-899f-a8d42863d1c0","ts":"2026-01-16T23:10:43.695-05:00","source":{"id":"0","name":"eventBus"}}
{"__type":"$$EventMessageNode","id":"88719905-2525-4b51-8082-c6bc0fcaefb8","ts":"2026-01-16T23:10:43.698-05:00","eventName":"n8n.node.finished","message":"n8n.node.finished","payload":{"workflowId":"1QfFKeKPeALCB1uuEfz7u","workflowName":"My workflow","executionId":"95","nodeType":"n8n-nodes-base.readWriteFile","nodeName":"Read/Write Files from Disk","nodeId":"80ef32fb-b259-4652-9f45-d1f26fbbf5f0"}}
{"__type":"$$EventMessageConfirm","confirm":"88719905-2525-4b51-8082-c6bc0fcaefb8","ts":"2026-01-16T23:10:43.698-05:00","source":{"id":"0","name":"eventBus"}}
{"__type":"$$EventMessageNode","id":"40327b61-b1b7-4a94-aa56-2629d32209b4","ts":"2026-01-16T23:10:43.699-05:00","eventName":"n8n.node.started","message":"n8n.node.started","payload":{"workflowId":"1QfFKeKPeALCB1uuEfz7u","workflowName":"My workflow","executionId":"95","nodeType":"n8n-nodes-base.code","nodeName":"Code in JavaScript","nodeId":"ea973967-2f13-4fc8-a905-bb1bfb692c47"}}
{"__type":"$$EventMessageConfirm","confirm":"40327b61-b1b7-4a94-aa56-2629d32209b4","ts":"2026-01-16T23:10:43.699-05:00","source":{"id":"0","name":"eventBus"}}
{"__type":"$$EventMessageRunner","id":"0df4ee7e-e566-40ac-abac-9670eddc9eda","ts":"2026-01-16T23:10:43.700-05:00","eventName":"n8n.runner.task.requested","message":"n8n.runner.task.requested","payload":{"taskId":"0HtINt5O","nodeId":"ea973967-2f13-4fc8-a905-bb1bfb692c47","workflowId":"1QfFKeKPeALCB1uuEfz7u","executionId":"95"}}
{"__type":"$$EventMessageConfirm","confirm":"0df4ee7e-e566-40ac-abac-9670eddc9eda","ts":"2026-01-16T23:10:43.700-05:00","source":{"id":"0","name":"eventBus"}}
{"__type":"$$EventMessageRunner","id":"4ef49d8f-e7ef-4a1e-918f-1713b6c1c43b","ts":"2026-01-16T23:10:43.710-05:00","eventName":"n8n.runner.response.received","message":"n8n.runner.response.received","payload":{"taskId":"0HtINt5O","nodeId":"ea973967-2f13-4fc8-a905-bb1bfb692c47","workflowId":"1QfFKeKPeALCB1uuEfz7u","executionId":"95"}}
{"__type":"$$EventMessageConfirm","confirm":"4ef49d8f-e7ef-4a1e-918f-1713b6c1c43b","ts":"2026-01-16T23:10:43.710-05:00","source":{"id":"0","name":"eventBus"}}
{"__type":"$$EventMessageNode","id":"62440d4a-86c9-4eb3-82f7-3633fe4b56a2","ts":"2026-01-16T23:10:43.711-05:00","eventName":"n8n.node.finished","message":"n8n.node.finished","payload":{"workflowId":"1QfFKeKPeALCB1uuEfz7u","workflowName":"My workflow","executionId":"95","nodeType":"n8n-nodes-base.code","nodeName":"Code in JavaScript","nodeId":"ea973967-2f13-4fc8-a905-bb1bfb692c47"}}
{"__type":"$$EventMessageConfirm","confirm":"62440d4a-86c9-4eb3-82f7-3633fe4b56a2","ts":"2026-01-16T23:10:43.711-05:00","source":{"id":"0","name":"eventBus"}}
{"__type":"$$EventMessageNode","id":"c8902563-6f9c-40a7-9b9d-00fcadd5f4c5","ts":"2026-01-16T23:10:43.712-05:00","eventName":"n8n.node.started","message":"n8n.node.started","payload":{"workflowId":"1QfFKeKPeALCB1uuEfz7u","workflowName":"My workflow","executionId":"95","nodeType":"n8n-nodes-base.httpRequest","nodeName":"HTTP Request","nodeId":"afb4bf52-4025-4bce-a1ef-46790ecf669c"}}
{"__type":"$$EventMessageConfirm","confirm":"c8902563-6f9c-40a7-9b9d-00fcadd5f4c5","ts":"2026-01-16T23:10:43.712-05:00","source":{"id":"0","name":"eventBus"}}
{"__type":"$$EventMessageNode","id":"a220d854-88be-4821-9d08-6d4d6222b899","ts":"2026-01-16T23:11:07.793-05:00","eventName":"n8n.node.finished","message":"n8n.node.finished","payload":{"workflowId":"1QfFKeKPeALCB1uuEfz7u","workflowName":"My workflow","executionId":"95","nodeType":"n8n-nodes-base.httpRequest","nodeName":"HTTP Request","nodeId":"afb4bf52-4025-4bce-a1ef-46790ecf669c"}}
{"__type":"$$EventMessageConfirm","confirm":"a220d854-88be-4821-9d08-6d4d6222b899","ts":"2026-01-16T23:11:07.793-05:00","source":{"id":"0","name":"eventBus"}}
{"__type":"$$EventMessageNode","id":"5dc0cc76-3624-4148-8c06-c9ecb8081b98","ts":"2026-01-16T23:11:07.794-05:00","eventName":"n8n.node.started","message":"n8n.node.started","payload":{"workflowId":"1QfFKeKPeALCB1uuEfz7u","workflowName":"My workflow","executionId":"95","nodeType":"n8n-nodes-base.httpRequest","nodeName":"HTTP Request1","nodeId":"4db89bb5-05fe-44ed-a807-5b1054710232"}}
{"__type":"$$EventMessageConfirm","confirm":"5dc0cc76-3624-4148-8c06-c9ecb8081b98","ts":"2026-01-16T23:11:07.794-05:00","source":{"id":"0","name":"eventBus"}}
{"__type":"$$EventMessageNode","id":"d308c27b-ee94-426d-a56c-6655a7660778","ts":"2026-01-16T23:11:08.400-05:00","eventName":"n8n.node.finished","message":"n8n.node.finished","payload":{"workflowId":"1QfFKeKPeALCB1uuEfz7u","workflowName":"My workflow","executionId":"95","nodeType":"n8n-nodes-base.httpRequest","nodeName":"HTTP Request1","nodeId":"4db89bb5-05fe-44ed-a807-5b1054710232"}}
{"__type":"$$EventMessageConfirm","confirm":"d308c27b-ee94-426d-a56c-6655a7660778","ts":"2026-01-16T23:11:08.400-05:00","source":{"id":"0","name":"eventBus"}}
{"__type":"$$EventMessageWorkflow","id":"01359f44-f516-4a7b-8086-2bd6496bb026","ts":"2026-01-16T23:11:08.402-05:00","eventName":"n8n.workflow.success","message":"n8n.workflow.success","payload":{"userId":"592f0f2c-8979-4df5-bc32-f4084e3785ed","executionId":"95","success":true,"isManual":true,"workflowId":"1QfFKeKPeALCB1uuEfz7u","workflowName":"My workflow"}}
{"__type":"$$EventMessageConfirm","confirm":"01359f44-f516-4a7b-8086-2bd6496bb026","ts":"2026-01-16T23:11:08.403-05:00","source":{"id":"0","name":"eventBus"}}
{"__type":"$$EventMessageAudit","id":"0e658d2b-9f51-467b-bfa6-37ae44e94f87","ts":"2026-01-16T23:15:16.088-05:00","eventName":"n8n.audit.workflow.deactivated","message":"n8n.audit.workflow.deactivated","payload":{"userId":"592f0f2c-8979-4df5-bc32-f4084e3785ed","_email":"lkf1234567i@gmail.com","_firstName":"Kaifeng","_lastName":"Li","globalRole":"global:owner","workflowId":"1QfFKeKPeALCB1uuEfz7u","workflowName":"My workflow","activeVersionId":null}}
{"__type":"$$EventMessageConfirm","confirm":"0e658d2b-9f51-467b-bfa6-37ae44e94f87","ts":"2026-01-16T23:15:16.088-05:00","source":{"id":"0","name":"eventBus"}}
{"__type":"$$EventMessageAudit","id":"c1b4f169-c742-48f9-8019-ae7790b513fe","ts":"2026-01-16T23:15:19.863-05:00","eventName":"n8n.audit.workflow.activated","message":"n8n.audit.workflow.activated","payload":{"userId":"592f0f2c-8979-4df5-bc32-f4084e3785ed","_email":"lkf1234567i@gmail.com","_firstName":"Kaifeng","_lastName":"Li","globalRole":"global:owner","workflowId":"1QfFKeKPeALCB1uuEfz7u","workflowName":"My workflow","activeVersionId":"f5075ca6-09f9-4ab0-bfc4-1694b3015ce9"}}
{"__type":"$$EventMessageConfirm","confirm":"c1b4f169-c742-48f9-8019-ae7790b513fe","ts":"2026-01-16T23:15:19.864-05:00","source":{"id":"0","name":"eventBus"}}
